City,Population,Murders and manslaughters,"Murders per 10,000 people",Forcible rapes,"Rapes per 10,000",Robberies,"Robberies per 10,000",Aggravated assaults,"Assaults per 10,000",Burglaries,"Burglaries per 10,000",Larceny-thefts,"Larceny-thefts per 10,000",Motor vehicle thefts,"Motor vehicle thefts per 10,000",Arsons,"Arsons per 10,000",Unemployment Aug 2010 (%),Unemployment Aug 2009 (%),Percent change
Abington,16590,1.00,0.60,10.00,6.00,5.00,3.00,40.00,24.10,119.00,71.70,213.00,128.40,28.00,16.90,0.00,0.00,8.70,9.00,-0.30
Acton,20795,0.00,0.00,5.00,2.40,2.00,1.00,14.00,6.70,46.00,22.10,223.00,107.20,4.00,1.90,0.00,0.00,5.90,6.70,-0.80
Acushnet,10474,0.00,0.00,2.00,1.90,1.00,1.00,21.00,20.00,70.00,66.80,91.00,86.90,12.00,11.50,3.00,2.90,9.90,10.20,-0.30
Adams,8145,0.00,0.00,6.00,7.40,0.00,0.00,33.00,40.50,83.00,101.90,161.00,197.70,7.00,8.60,2.00,2.50,10.00,10.50,-0.50
Agawam,28353,0.00,0.00,6.00,2.10,7.00,2.50,30.00,10.60,80.00,28.20,206.00,72.70,39.00,13.80,5.00,1.80,8.60,8.30,0.30
Amesbury,16421,0.00,0.00,6.00,3.70,3.00,1.80,37.00,22.50,40.00,24.40,241.00,146.80,10.00,6.10,3.00,1.80,7.90,8.50,-0.60
Amherst,36106,0.00,0.00,13.00,3.60,9.00,2.50,64.00,17.70,211.00,58.40,235.00,65.10,24.00,6.60,2.00,0.60,6.80,5.90,0.90
Andover,33442,0.00,0.00,0.00,0.00,2.00,0.60,8.00,2.40,61.00,18.20,360.00,107.60,20.00,6.00,1.00,0.30,6.30,7.20,-0.90
Aquinnah,355,0.00,0.00,0.00,0.00,0.00,0.00,0.00,0.00,0.00,0.00,7.00,197.20,0.00,0.00,0.00,0.00,2.70,1.50,1.20
Arlington,40989,0.00,0.00,3.00,0.70,14.00,3.40,38.00,9.30,185.00,45.10,441.00,107.60,35.00,8.50,16.00,3.90,6.10,6.90,-0.80
Ashburnham,6009,0.00,0.00,0.00,0.00,1.00,1.70,5.00,8.30,18.00,30.00,25.00,41.60,2.00,3.30,4.00,6.70,9.30,10.30,-1.00
Ashfield,1817,0.00,0.00,0.00,0.00,0.00,0.00,3.00,16.50,5.00,27.50,11.00,60.50,0.00,0.00,,,6.90,6.30,0.60
Ashland,15927,0.00,0.00,3.00,1.90,1.00,0.60,16.00,10.00,56.00,35.20,98.00,61.50,9.00,5.70,0.00,0.00,6.60,7.90,-1.30
Athol,11637,0.00,0.00,7.00,6.00,3.00,2.60,37.00,31.80,109.00,93.70,172.00,147.80,10.00,8.60,2.00,1.70,12.50,12.20,0.30
Attleboro,43228,0.00,0.00,8.00,1.90,31.00,7.20,104.00,24.10,223.00,51.60,662.00,153.10,71.00,16.40,9.00,2.10,,,
Auburn,16298,0.00,0.00,4.00,2.50,13.00,8.00,,,83.00,50.90,393.00,241.10,27.00,16.60,8.00,4.90,8.50,8.50,0.00
Avon,4285,0.00,0.00,0.00,0.00,2.00,4.70,4.00,9.30,23.00,53.70,161.00,375.70,11.00,25.70,,,9.60,10.80,-1.20
Ayer,7378,0.00,0.00,3.00,4.10,5.00,6.80,16.00,21.70,50.00,67.80,88.00,119.30,10.00,13.60,3.00,4.10,7.90,8.40,-0.50
Barnstable,47828,1.00,0.20,39.00,8.20,41.00,8.60,291.00,60.80,450.00,94.10,1105.00,231.00,83.00,17.40,14.00,2.90,6.50,6.80,-0.30
Barre,5455,0.00,0.00,2.00,3.70,2.00,3.70,16.00,29.30,21.00,38.50,47.00,86.20,4.00,7.30,,,9.70,9.60,0.10
Becket,1803,0.00,0.00,0.00,0.00,0.00,0.00,2.00,11.10,26.00,144.20,24.00,133.10,0.00,0.00,,,9.70,9.10,0.60
Bedford,13215,0.00,0.00,2.00,1.50,0.00,0.00,2.00,1.50,29.00,21.90,153.00,115.80,3.00,2.30,0.00,0.00,6.00,6.90,-0.90
Belchertown,14094,0.00,0.00,1.00,0.70,0.00,0.00,18.00,12.80,36.00,25.50,111.00,78.80,17.00,12.10,2.00,1.40,7.00,6.90,0.10
Belmont,23252,0.00,0.00,5.00,2.20,8.00,3.40,25.00,10.80,96.00,41.30,152.00,65.40,15.00,6.50,1.00,0.40,5.80,6.40,-0.60
Berkley,6519,0.00,0.00,0.00,0.00,1.00,1.50,6.00,9.20,39.00,59.80,33.00,50.60,3.00,4.60,0.00,0.00,7.50,7.80,-0.30
Berlin,2740,0.00,0.00,0.00,0.00,0.00,0.00,0.00,0.00,1.00,3.60,16.00,58.40,1.00,3.60,0.00,0.00,7.40,7.70,-0.30
Bernardston,2234,0.00,0.00,0.00,0.00,0.00,0.00,3.00,13.40,7.00,31.30,14.00,62.70,3.00,13.40,0.00,0.00,9.80,8.70,1.10
Beverly,39435,0.00,0.00,10.00,2.50,20.00,5.10,92.00,23.30,107.00,27.10,548.00,139.00,40.00,10.10,0.00,0.00,6.90,7.80,-0.90
Blackstone,9058,0.00,0.00,1.00,1.10,1.00,1.10,18.00,19.90,37.00,40.80,93.00,102.70,15.00,16.60,1.00,1.10,11.50,11.50,0.00
Bolton,4522,0.00,0.00,0.00,0.00,0.00,0.00,2.00,4.40,29.00,64.10,31.00,68.60,1.00,2.20,2.00,4.40,6.30,7.00,-0.70
Boston,604465,62.00,1.00,237.00,3.90,2398.00,39.70,3979.00,65.80,3493.00,57.80,16531.00,273.50,2405.00,39.80,,,8.30,8.60,-0.30
Bourne,19048,0.00,0.00,5.00,2.60,10.00,5.20,48.00,25.20,258.00,135.40,313.00,164.30,9.00,4.70,3.00,1.60,8.60,7.80,0.80
Boxborough,5124,0.00,0.00,2.00,3.90,2.00,3.90,7.00,13.70,14.00,27.30,34.00,66.40,4.00,7.80,1.00,2.00,6.00,6.10,-0.10
Boxford,8088,0.00,0.00,0.00,0.00,0.00,0.00,0.00,0.00,9.00,11.10,54.00,66.80,2.00,2.50,0.00,0.00,5.50,5.60,-0.10
Boylston,4298,0.00,0.00,0.00,0.00,0.00,0.00,2.00,4.70,10.00,23.30,21.00,48.90,1.00,2.30,0.00,0.00,8.40,7.80,0.60
Braintree,34495,0.00,0.00,5.00,1.40,6.00,1.70,34.00,9.90,76.00,22.00,806.00,233.70,30.00,8.70,1.00,0.30,7.90,8.10,-0.20
Brewster,10009,0.00,0.00,0.00,0.00,0.00,0.00,16.00,16.00,35.00,35.00,87.00,86.90,7.00,7.00,2.00,2.00,5.80,5.80,0.00
Bridgewater,25546,0.00,0.00,4.00,1.60,5.00,2.00,42.00,16.40,59.00,23.10,166.00,65.00,11.00,4.30,2.00,0.80,8.40,8.80,-0.40
Brookline,54527,0.00,0.00,3.00,0.60,30.00,5.50,,,156.00,28.60,683.00,125.30,22.00,4.00,2.00,0.40,4.90,5.80,-0.90
Buckland,1990,0.00,0.00,1.00,5.00,0.00,0.00,6.00,30.20,4.00,20.10,13.00,65.30,0.00,0.00,0.00,0.00,5.00,4.30,0.70
Burlington,25319,0.00,0.00,1.00,0.40,5.00,2.00,17.00,6.70,191.00,75.40,470.00,185.60,27.00,10.70,1.00,0.40,6.20,7.10,-0.90
Cambridge,101362,2.00,0.20,14.00,1.40,155.00,15.30,243.00,24.00,396.00,39.10,2500.00,246.60,242.00,23.90,10.00,1.00,5.60,5.90,-0.30
Canton,22054,0.00,0.00,3.00,1.40,3.00,1.40,48.00,21.80,66.00,29.90,218.00,98.80,17.00,7.70,3.00,1.40,7.20,7.70,-0.50
Carlisle,4900,0.00,0.00,1.00,2.00,0.00,0.00,1.00,2.00,10.00,20.40,5.00,10.20,0.00,0.00,0.00,0.00,5.60,6.40,-0.80
Carver,11592,0.00,0.00,1.00,0.90,3.00,2.60,16.00,13.80,30.00,25.90,62.00,53.50,8.00,6.90,3.00,2.60,8.80,9.10,-0.30
Charlemont,1368,0.00,0.00,0.00,0.00,0.00,0.00,0.00,0.00,3.00,21.90,7.00,51.20,0.00,0.00,0.00,0.00,6.60,8.30,-1.70
Charlton,12740,0.00,0.00,1.00,0.80,2.00,1.60,12.00,9.40,40.00,31.40,74.00,58.10,17.00,13.30,2.00,1.60,8.00,8.50,-0.50
Chatham,6735,0.00,0.00,0.00,0.00,0.00,0.00,5.00,7.40,44.00,65.30,146.00,216.80,1.00,1.50,0.00,0.00,5.80,5.40,0.40
Chelmsford,34187,0.00,0.00,2.00,0.60,8.00,2.30,35.00,10.20,68.00,19.90,557.00,162.90,26.00,7.60,1.00,0.30,7.20,7.80,-0.60
Chelsea,38621,2.00,0.50,25.00,6.50,212.00,54.90,430.00,111.30,407.00,105.40,979.00,253.50,249.00,64.50,1.00,0.30,9.30,9.20,0.10
Cheshire,3287,0.00,0.00,0.00,0.00,0.00,0.00,0.00,0.00,8.00,24.30,4.00,12.20,0.00,0.00,,,7.40,7.50,-0.10
Chicopee,53777,2.00,0.40,25.00,4.60,57.00,10.60,239.00,44.40,470.00,87.40,1059.00,196.90,149.00,27.70,5.00,0.90,10.10,10.10,0.00
Chilmark,978,0.00,0.00,0.00,0.00,0.00,0.00,1.00,10.20,5.00,51.10,11.00,112.50,0.00,0.00,0.00,0.00,4.60,2.10,2.50
Clinton,14101,0.00,0.00,0.00,0.00,0.00,0.00,4.00,2.80,23.00,16.30,92.00,65.20,7.00,5.00,0.00,0.00,9.90,9.30,0.60
Cohasset,7171,0.00,0.00,1.00,1.40,1.00,1.40,5.00,7.00,62.00,86.50,64.00,89.20,2.00,2.80,0.00,0.00,6.10,7.30,-1.20
Concord,17543,0.00,0.00,0.00,0.00,2.00,1.10,11.00,6.30,88.00,50.20,182.00,103.70,3.00,1.70,2.00,1.10,5.60,6.40,-0.80
Dalton,6546,0.00,0.00,4.00,6.10,1.00,1.50,16.00,24.40,24.00,36.70,59.00,90.10,1.00,1.50,6.00,9.20,7.50,7.80,-0.30
Danvers,26958,0.00,0.00,2.00,0.70,9.00,3.30,41.00,15.20,65.00,24.10,845.00,313.50,35.00,13.00,1.00,0.40,7.10,8.20,-1.10
Dartmouth,34446,0.00,0.00,5.00,1.50,11.00,3.20,58.00,16.80,157.00,45.60,869.00,252.30,43.00,12.50,7.00,2.00,9.70,9.60,0.10
Dedham,24217,0.00,0.00,3.00,1.20,20.00,8.30,14.00,5.80,74.00,30.60,492.00,203.20,27.00,11.10,1.00,0.40,7.50,7.90,-0.40
Dennis,15406,0.00,0.00,5.00,3.20,7.00,4.50,67.00,43.50,166.00,107.80,333.00,216.10,19.00,12.30,4.00,2.60,7.50,6.80,0.70
Dighton,6819,0.00,0.00,0.00,0.00,0.00,0.00,13.00,19.10,10.00,14.70,15.00,22.00,2.00,2.90,,,9.90,9.50,0.40
Douglas,8033,0.00,0.00,3.00,3.70,0.00,0.00,9.00,11.20,12.00,14.90,15.00,18.70,7.00,8.70,0.00,0.00,8.00,9.30,-1.30
Dover,5634,0.00,0.00,0.00,0.00,0.00,0.00,4.00,7.10,4.00,7.10,16.00,28.40,1.00,1.80,0.00,0.00,5.30,5.40,-0.10
Dracut,29608,0.00,0.00,2.00,0.70,11.00,3.70,19.00,6.40,45.00,15.20,235.00,79.40,0.00,0.00,1.00,0.30,9.10,9.80,-0.70
Dudley,11181,0.00,0.00,3.00,2.70,2.00,1.80,18.00,16.10,32.00,28.60,17.00,15.20,3.00,2.70,1.00,0.90,8.80,10.20,-1.40
East Bridgewater,13988,0.00,0.00,4.00,2.90,2.00,1.40,17.00,12.20,42.00,30.00,148.00,105.80,16.00,11.40,1.00,0.70,8.20,9.00,-0.80
East Brookfield,2065,0.00,0.00,0.00,0.00,1.00,4.80,5.00,24.20,7.00,33.90,39.00,188.90,3.00,14.50,1.00,4.80,7.70,10.90,-3.20
East Longmeadow,15363,0.00,0.00,1.00,0.70,2.00,1.30,20.00,13.00,64.00,41.70,290.00,188.80,15.00,9.80,2.00,1.30,7.70,7.30,0.40
Eastham,5440,0.00,0.00,0.00,0.00,0.00,0.00,0.00,0.00,26.00,47.80,54.00,99.30,0.00,0.00,0.00,0.00,6.50,5.70,0.80
Easthampton,16072,0.00,0.00,1.00,0.60,2.00,1.20,40.00,24.90,63.00,39.20,109.00,67.80,7.00,4.40,6.00,3.70,8.50,8.10,0.40
Easton,23047,0.00,0.00,0.00,0.00,4.00,1.70,11.00,4.80,44.00,19.10,159.00,69.00,8.00,3.50,0.00,0.00,7.20,7.60,-0.40
Edgartown,3935,0.00,0.00,0.00,0.00,0.00,0.00,8.00,20.30,25.00,63.50,69.00,175.30,9.00,22.90,0.00,0.00,4.40,3.90,0.50
Egremont,1351,0.00,0.00,0.00,0.00,0.00,0.00,2.00,14.80,5.00,37.00,17.00,125.80,0.00,0.00,0.00,0.00,5.60,4.50,1.10
Erving,1546,0.00,0.00,1.00,6.50,0.00,0.00,5.00,32.30,14.00,90.60,22.00,142.30,2.00,12.90,0.00,0.00,8.20,9.70,-1.50
Everett,37172,2.00,0.50,15.00,4.00,50.00,13.50,121.00,32.60,325.00,87.40,874.00,235.10,153.00,41.20,1.00,0.30,9.20,9.40,-0.20
Fairhaven,16115,1.00,0.60,0.00,0.00,10.00,6.20,40.00,24.80,146.00,90.60,389.00,241.40,23.00,14.30,2.00,1.20,10.60,10.50,0.10
Fall River,90760,3.00,0.30,65.00,7.20,240.00,26.40,780.00,85.90,842.00,92.80,2337.00,257.50,349.00,38.50,37.00,4.10,13.10,13.90,-0.80
Falmouth,33302,1.00,0.30,15.00,4.50,9.00,2.70,100.00,30.00,552.00,165.80,520.00,156.10,38.00,11.40,16.00,4.80,6.40,6.00,0.40
Fitchburg,40377,4.00,1.00,24.00,5.90,62.00,15.40,,,316.00,78.30,761.00,188.50,105.00,26.00,12.00,3.00,12.20,12.30,-0.10
Framingham,64519,1.00,0.20,11.00,1.70,40.00,6.20,144.00,22.30,268.00,41.50,1166.00,180.70,166.00,25.70,,,6.30,6.80,-0.50
Franklin,31608,0.00,0.00,0.00,0.00,2.00,0.60,1.00,0.30,15.00,4.70,78.00,24.70,3.00,0.90,1.00,0.30,6.90,7.50,-0.60
Freetown,8990,0.00,0.00,0.00,0.00,1.00,1.10,16.00,17.80,58.00,64.50,90.00,100.10,15.00,16.70,3.00,3.30,9.00,9.50,-0.50
Gardner,20587,0.00,0.00,11.00,5.30,8.00,3.90,69.00,33.50,190.00,92.30,331.00,160.80,36.00,17.50,3.00,1.50,11.20,11.70,-0.50
Georgetown,8241,0.00,0.00,0.00,0.00,0.00,0.00,2.00,2.40,5.00,6.10,35.00,42.50,1.00,1.20,,,5.90,7.20,-1.30
Gill,1381,0.00,0.00,0.00,0.00,0.00,0.00,1.00,7.20,5.00,36.20,11.00,79.70,0.00,0.00,0.00,0.00,7.70,8.00,-0.30
Gloucester,30303,0.00,0.00,10.00,3.30,1.00,0.30,15.00,5.00,103.00,34.00,504.00,166.30,17.00,5.60,1.00,0.30,8.10,9.10,-1.00
Goshen,960,0.00,0.00,0.00,0.00,0.00,0.00,1.00,10.40,2.00,20.80,0.00,0.00,0.00,0.00,0.00,0.00,6.80,6.30,0.50
Grafton,17872,0.00,0.00,0.00,0.00,0.00,0.00,7.00,3.90,58.00,32.50,61.00,34.10,17.00,9.50,1.00,0.60,7.60,8.60,-1.00
Granby,6303,0.00,0.00,1.00,1.60,0.00,0.00,6.00,9.50,12.00,19.00,83.00,131.70,7.00,11.10,0.00,0.00,6.90,7.80,-0.90
Granville,1695,0.00,0.00,0.00,0.00,0.00,0.00,2.00,11.80,9.00,53.10,16.00,94.40,0.00,0.00,,,8.30,7.70,0.60
Great Barrington,7353,0.00,0.00,2.00,2.70,2.00,2.70,9.00,12.20,37.00,50.30,85.00,115.60,4.00,5.40,1.00,1.40,5.90,6.50,-0.60
Greenfield,17651,0.00,0.00,18.00,10.20,6.00,3.40,97.00,55.00,258.00,146.20,278.00,157.50,27.00,15.30,3.00,1.70,8.60,9.50,-0.90
Groton,10776,0.00,0.00,1.00,0.90,0.00,0.00,1.00,0.90,12.00,11.10,27.00,25.10,0.00,0.00,1.00,0.90,6.50,6.80,-0.30
Groveland,7041,0.00,0.00,0.00,0.00,0.00,0.00,3.00,4.30,8.00,11.40,39.00,55.40,1.00,1.40,0.00,0.00,7.10,7.40,-0.30
Hadley,4786,0.00,0.00,1.00,2.10,4.00,8.40,11.00,23.00,30.00,62.70,149.00,311.30,7.00,14.60,1.00,2.10,7.90,6.20,1.70
Halifax,7722,0.00,0.00,3.00,3.90,0.00,0.00,17.00,22.00,16.00,20.70,48.00,62.20,6.00,7.80,0.00,0.00,9.10,9.80,-0.70
Hamilton,8170,0.00,0.00,0.00,0.00,0.00,0.00,0.00,0.00,11.00,13.50,49.00,60.00,1.00,1.20,0.00,0.00,5.80,7.60,-1.80
Hampden,5321,0.00,0.00,3.00,5.60,1.00,1.90,5.00,9.40,13.00,24.40,31.00,58.30,1.00,1.90,0.00,0.00,8.10,7.30,0.80
Hanover,14064,0.00,0.00,0.00,0.00,1.00,0.70,3.00,2.10,42.00,29.90,321.00,228.20,5.00,3.60,0.00,0.00,7.20,7.20,0.00
Hanson,10010,1.00,1.00,2.00,2.00,2.00,2.00,,,45.00,45.00,109.00,108.90,12.00,12.00,4.00,4.00,8.90,9.70,-0.80
Hardwick,2653,0.00,0.00,0.00,0.00,0.00,0.00,10.00,37.70,4.00,15.10,19.00,71.60,2.00,7.50,1.00,3.80,7.80,10.30,-2.50
Harvard,6001,0.00,0.00,0.00,0.00,0.00,0.00,2.00,3.30,19.00,31.70,29.00,48.30,1.00,1.70,1.00,1.70,5.40,6.90,-1.50
Harwich,12381,0.00,0.00,2.00,1.60,2.00,1.60,28.00,22.60,114.00,92.10,153.00,123.60,6.00,4.80,3.00,2.40,7.00,6.10,0.90
Hatfield,3259,0.00,0.00,0.00,0.00,0.00,0.00,2.00,6.10,1.00,3.10,3.00,9.20,0.00,0.00,,,5.60,5.70,-0.10
Haverhill,60001,1.00,0.20,11.00,1.80,60.00,10.00,331.00,55.20,677.00,112.80,667.00,111.20,132.00,22.00,5.00,0.80,9.10,9.60,-0.50
Hingham,22724,0.00,0.00,0.00,0.00,3.00,1.30,4.00,1.80,74.00,32.60,279.00,122.80,5.00,2.20,0.00,0.00,6.00,6.50,-0.50
Hinsdale,1945,0.00,0.00,0.00,0.00,0.00,0.00,6.00,30.80,4.00,20.60,1.00,5.10,0.00,0.00,,,9.90,11.10,-1.20
Holden,16695,0.00,0.00,0.00,0.00,1.00,0.60,9.00,5.40,19.00,11.40,68.00,40.70,4.00,2.40,1.00,0.60,7.90,8.10,-0.20
Holliston,13953,0.00,0.00,0.00,0.00,1.00,0.70,8.00,5.70,14.00,10.00,52.00,37.30,3.00,2.20,0.00,0.00,6.20,7.40,-1.20
Holyoke,39722,2.00,0.50,44.00,11.10,65.00,16.40,340.00,85.60,461.00,116.10,1650.00,415.40,236.00,59.40,20.00,5.00,12.60,12.30,0.30
Hopedale,6195,1.00,1.60,1.00,1.60,0.00,0.00,6.00,9.70,15.00,24.20,28.00,45.20,4.00,6.50,1.00,1.60,7.20,7.50,-0.30
Hopkinton,14419,0.00,0.00,0.00,0.00,0.00,0.00,2.00,1.40,3.00,2.10,78.00,54.10,3.00,2.10,0.00,0.00,6.70,6.40,0.30
Hubbardston,4531,0.00,0.00,0.00,0.00,0.00,0.00,8.00,17.70,7.00,15.40,22.00,48.60,7.00,15.40,1.00,2.20,8.50,8.70,-0.20
Hudson,19766,0.00,0.00,1.00,0.50,0.00,0.00,1.00,0.50,22.00,11.10,137.00,69.30,13.00,6.60,0.00,0.00,6.50,8.10,-1.60
Hull,11064,0.00,0.00,0.00,0.00,3.00,2.70,39.00,35.20,51.00,46.10,88.00,79.50,11.00,9.90,1.00,0.90,7.80,9.20,-1.40
Kingston,12405,0.00,0.00,3.00,2.40,4.00,3.20,36.00,29.00,39.00,31.40,332.00,267.60,16.00,12.90,4.00,3.20,7.20,9.10,-1.90
Lakeville,10678,0.00,0.00,0.00,0.00,0.00,0.00,4.00,3.70,95.00,89.00,78.00,73.00,11.00,10.30,1.00,0.90,8.90,8.90,0.00
Lancaster,7130,0.00,0.00,1.00,1.40,1.00,1.40,7.00,9.80,8.00,11.20,35.00,49.10,7.00,9.80,1.00,1.40,9.30,9.50,-0.20
Lawrence,69812,4.00,0.60,14.00,2.00,104.00,14.90,334.00,47.80,615.00,88.10,1023.00,146.50,341.00,48.80,,,16.70,16.60,0.10
Lee,5782,0.00,0.00,0.00,0.00,0.00,0.00,8.00,13.80,4.00,6.90,38.00,65.70,11.00,19.00,0.00,0.00,6.80,6.50,0.30
Leicester,11042,0.00,0.00,2.00,1.80,2.00,1.80,20.00,18.10,34.00,30.80,122.00,110.50,14.00,12.70,3.00,2.70,8.40,9.50,-1.10
Lenox,5106,0.00,0.00,2.00,3.90,0.00,0.00,7.00,13.70,21.00,41.10,68.00,133.20,2.00,3.90,1.00,2.00,5.40,6.30,-0.90
Leominster,41095,1.00,0.20,8.00,1.90,19.00,4.60,196.00,47.70,220.00,53.50,964.00,234.60,62.00,15.10,8.00,1.90,11.20,11.40,-0.20
Leverett,1753,0.00,0.00,0.00,0.00,0.00,0.00,0.00,0.00,4.00,22.80,3.00,17.10,0.00,0.00,0.00,0.00,5.80,7.10,-1.30
Lexington,30321,0.00,0.00,0.00,0.00,2.00,0.70,21.00,6.90,55.00,18.10,262.00,86.40,8.00,2.60,0.00,0.00,5.90,6.50,-0.60
Lincoln,7984,0.00,0.00,0.00,0.00,0.00,0.00,0.00,0.00,17.00,21.30,42.00,52.60,2.00,2.50,0.00,0.00,4.60,5.90,-1.30
Littleton,8776,0.00,0.00,4.00,4.60,0.00,0.00,11.00,12.50,24.00,27.30,65.00,74.10,4.00,4.60,1.00,1.10,6.10,7.10,-1.00
Longmeadow,15275,0.00,0.00,0.00,0.00,0.00,0.00,6.00,3.90,60.00,39.30,226.00,148.00,11.00,7.20,1.00,0.70,6.70,7.20,-0.50
Lowell,110136,6.00,0.50,42.00,3.80,225.00,20.40,894.00,81.20,1073.00,97.40,2227.00,202.20,450.00,40.90,33.00,3.00,10.70,11.90,-1.20
Ludlow,22530,0.00,0.00,2.00,0.90,5.00,2.20,8.00,3.60,84.00,37.30,206.00,91.40,16.00,7.10,3.00,1.30,8.10,8.30,-0.20
Lunenburg,10012,0.00,0.00,1.00,1.00,2.00,2.00,21.00,21.00,37.00,37.00,124.00,123.90,13.00,13.00,0.00,0.00,9.20,10.20,-1.00
Lynn,90042,6.00,0.70,36.00,4.00,182.00,20.20,592.00,65.70,1133.00,125.80,1408.00,156.40,473.00,52.50,8.00,0.90,9.80,10.40,-0.60
Lynnfield,11360,0.00,0.00,2.00,1.80,3.00,2.60,7.00,6.20,29.00,25.50,114.00,100.40,9.00,7.90,1.00,0.90,7.20,7.60,-0.40
Manchester-by-the-Sea,5268,0.00,0.00,0.00,0.00,0.00,0.00,0.00,0.00,2.00,3.80,9.00,17.10,1.00,1.90,0.00,0.00,,,
Marblehead,19994,0.00,0.00,2.00,1.00,2.00,1.00,31.00,15.50,31.00,15.50,157.00,78.50,8.00,4.00,2.00,1.00,5.70,6.70,-1.00
Marion,5226,0.00,0.00,0.00,0.00,1.00,1.90,9.00,17.20,35.00,67.00,74.00,141.60,7.00,13.40,0.00,0.00,6.40,5.40,1.00
Marlborough,38253,0.00,0.00,11.00,2.90,15.00,3.90,121.00,31.60,108.00,28.20,572.00,149.50,52.00,13.60,3.00,0.80,6.30,7.10,-0.80
Marshfield,24600,0.00,0.00,6.00,2.40,11.00,4.50,30.00,12.20,64.00,26.00,215.00,87.40,27.00,11.00,0.00,0.00,7.40,7.80,-0.40
Mashpee,14417,0.00,0.00,2.00,1.40,6.00,4.20,38.00,26.40,116.00,80.50,226.00,156.80,12.00,8.30,4.00,2.80,6.70,6.60,0.10
Mattapoisett,6468,0.00,0.00,0.00,0.00,0.00,0.00,5.00,7.70,6.00,9.30,91.00,140.70,3.00,4.60,0.00,0.00,6.90,7.40,-0.50
Maynard,10144,0.00,0.00,0.00,0.00,1.00,1.00,12.00,11.80,2.00,2.00,13.00,12.80,1.00,1.00,0.00,0.00,6.70,7.10,-0.40
Medfield,12261,1.00,0.80,0.00,0.00,0.00,0.00,6.00,4.90,12.00,9.80,55.00,44.90,1.00,0.80,2.00,1.60,7.00,7.00,0.00
Medford,55555,0.00,0.00,2.00,0.40,44.00,7.90,43.00,7.70,205.00,36.90,1166.00,209.90,95.00,17.10,,,7.50,8.20,-0.70
Medway,12782,0.00,0.00,1.00,0.80,0.00,0.00,2.00,1.60,25.00,19.60,86.00,67.30,2.00,1.60,0.00,0.00,6.50,7.50,-1.00
Melrose,26737,0.00,0.00,1.00,0.40,9.00,3.40,20.00,7.50,75.00,28.10,235.00,87.90,26.00,9.70,2.00,0.70,6.60,7.80,-1.20
Mendon,5823,0.00,0.00,1.00,1.70,0.00,0.00,7.00,12.00,12.00,20.60,29.00,49.80,2.00,3.40,1.00,1.70,6.40,6.40,0.00
Merrimac,6459,0.00,0.00,1.00,1.50,0.00,0.00,1.00,1.50,17.00,26.30,12.00,18.60,3.00,4.60,2.00,3.10,7.30,8.30,-1.00
Methuen,43987,1.00,0.20,4.00,0.90,14.00,3.20,110.00,25.00,221.00,50.20,696.00,158.20,118.00,26.80,1.00,0.20,9.90,11.30,-1.40
Middleboro,21402,0.00,0.00,7.00,3.30,12.00,5.60,73.00,34.10,129.00,60.30,335.00,156.50,45.00,21.00,1.00,0.50,,,
Millbury,13551,0.00,0.00,0.00,0.00,1.00,0.70,34.00,25.10,74.00,54.60,194.00,143.20,14.00,10.30,2.00,1.50,8.30,9.20,-0.90
Millis,7928,0.00,0.00,0.00,0.00,0.00,0.00,1.00,1.30,13.00,16.40,36.00,45.40,2.00,2.50,0.00,0.00,6.70,7.90,-1.20
Millville,2857,0.00,0.00,0.00,0.00,0.00,0.00,5.00,17.50,8.00,28.00,26.00,91.00,1.00,3.50,0.00,0.00,12.20,11.00,1.20
Milton,26298,2.00,0.80,0.00,0.00,6.00,2.30,8.00,3.00,67.00,25.50,207.00,78.70,6.00,2.30,,,6.90,7.80,-0.90
Monson,8841,0.00,0.00,4.00,4.50,0.00,0.00,24.00,27.10,38.00,43.00,90.00,101.80,5.00,5.70,0.00,0.00,7.70,8.00,-0.30
Montague,8318,0.00,0.00,7.00,8.40,2.00,2.40,40.00,48.10,59.00,70.90,116.00,139.50,11.00,13.20,6.00,7.20,10.20,10.10,0.10
Monterey,963,0.00,0.00,0.00,0.00,0.00,0.00,0.00,0.00,0.00,0.00,0.00,0.00,0.00,0.00,0.00,0.00,4.00,5.20,-1.20
Nahant,3505,0.00,0.00,1.00,2.90,0.00,0.00,8.00,22.80,5.00,14.30,22.00,62.80,3.00,8.60,0.00,0.00,7.30,7.40,-0.10
Natick,31943,0.00,0.00,3.00,0.90,4.00,1.30,53.00,16.60,65.00,20.30,727.00,227.60,25.00,7.80,0.00,0.00,5.90,6.60,-0.70
Needham,28231,0.00,0.00,1.00,0.40,3.00,1.10,1.00,0.40,41.00,14.50,191.00,67.70,5.00,1.80,0.00,0.00,5.60,6.40,-0.80
New Bedford,91473,4.00,0.40,59.00,6.40,301.00,32.90,827.00,90.40,1056.00,115.40,1978.00,216.20,319.00,34.90,43.00,4.70,13.80,14.30,-0.50
New Salem,998,0.00,0.00,0.00,0.00,0.00,0.00,0.00,0.00,0.00,0.00,1.00,10.00,0.00,0.00,0.00,0.00,6.50,7.50,-1.00
Newbury,6950,0.00,0.00,2.00,2.90,0.00,0.00,1.00,1.40,15.00,21.60,30.00,43.20,4.00,5.80,1.00,1.40,6.60,7.00,-0.40
Newburyport,17133,0.00,0.00,1.00,0.60,1.00,0.60,17.00,9.90,31.00,18.10,202.00,117.90,16.00,9.30,0.00,0.00,7.30,7.20,0.10
Newton,83191,0.00,0.00,8.00,1.00,19.00,2.30,90.00,10.80,186.00,22.40,896.00,107.70,29.00,3.50,4.00,0.50,5.60,6.00,-0.40
Norfolk,10666,1.00,0.90,1.00,0.90,0.00,0.00,9.00,8.40,45.00,42.20,41.00,38.40,1.00,0.90,0.00,0.00,7.90,8.00,-0.10
North Adams,13781,1.00,0.70,4.00,2.90,5.00,3.60,75.00,54.40,251.00,182.10,355.00,257.60,28.00,20.30,4.00,2.90,10.20,8.90,1.30
North Andover,27775,2.00,0.70,0.00,0.00,3.00,1.10,8.00,2.90,26.00,9.40,186.00,67.00,10.00,3.60,1.00,0.40,8.10,8.60,-0.50
North Attleboro,27994,0.00,0.00,2.00,0.70,7.00,2.50,21.00,7.50,94.00,33.60,519.00,185.40,22.00,7.90,2.00,0.70,,,
North Brookfield,4834,0.00,0.00,2.00,4.10,0.00,0.00,,,9.00,18.60,23.00,47.60,6.00,12.40,0.00,0.00,7.50,8.40,-0.90
North Reading,14040,0.00,0.00,1.00,0.70,0.00,0.00,10.00,7.10,29.00,20.70,91.00,64.80,2.00,1.40,2.00,1.40,6.20,6.60,-0.40
Northampton,28341,0.00,0.00,9.00,3.20,12.00,4.20,76.00,26.80,143.00,50.50,624.00,220.20,46.00,16.20,3.00,1.10,6.40,6.60,-0.20
Northborough,14683,0.00,0.00,0.00,0.00,1.00,0.70,7.00,4.80,16.00,10.90,80.00,54.50,5.00,3.40,1.00,0.70,6.60,7.70,-1.10
Northbridge,14526,0.00,0.00,2.00,1.40,0.00,0.00,31.00,21.30,69.00,47.50,161.00,110.80,7.00,4.80,3.00,2.10,10.00,9.70,0.30
Northfield,2990,0.00,0.00,1.00,3.30,0.00,0.00,10.00,33.40,24.00,80.30,43.00,143.80,3.00,10.00,,,7.00,6.60,0.40
Norton,19366,0.00,0.00,5.00,2.60,0.00,0.00,7.00,3.60,35.00,18.10,68.00,35.10,1.00,0.50,0.00,0.00,8.90,9.10,-0.20
Norwell,10329,0.00,0.00,2.00,1.90,1.00,1.00,7.00,6.80,18.00,17.40,85.00,82.30,4.00,3.90,0.00,0.00,5.90,7.60,-1.70
Norwood,28119,1.00,0.40,4.00,1.40,11.00,3.90,19.00,6.80,93.00,33.10,460.00,163.60,41.00,14.60,3.00,1.10,7.10,7.70,-0.60
Oak Bluffs,3731,0.00,0.00,0.00,0.00,0.00,0.00,6.00,16.10,12.00,32.20,97.00,260.00,1.00,2.70,0.00,0.00,4.10,4.00,0.10
Orange,7831,0.00,0.00,2.00,2.60,2.00,2.60,20.00,25.50,93.00,118.80,95.00,121.30,6.00,7.70,0.00,0.00,11.00,12.10,-1.10
Orleans,6309,0.00,0.00,1.00,1.60,0.00,0.00,6.00,9.50,45.00,71.30,147.00,233.00,4.00,6.30,2.00,3.20,6.60,5.70,0.90
Oxford,13671,0.00,0.00,1.00,0.70,4.00,2.90,39.00,28.50,47.00,34.40,102.00,74.60,20.00,14.60,3.00,2.20,8.50,9.70,-1.20
Palmer,12891,0.00,0.00,1.00,0.80,1.00,0.80,35.00,27.20,67.00,52.00,105.00,81.50,10.00,7.80,3.00,2.30,9.00,8.90,0.10
Paxton,4546,0.00,0.00,0.00,0.00,1.00,2.20,2.00,4.40,10.00,22.00,17.00,37.40,0.00,0.00,0.00,0.00,8.30,8.10,0.20
Peabody,51846,1.00,0.20,9.00,1.70,22.00,4.20,112.00,21.60,171.00,33.00,1024.00,197.50,123.00,23.70,6.00,1.20,8.10,8.40,-0.30
Pembroke,18806,0.00,0.00,6.00,3.20,3.00,1.60,32.00,17.00,57.00,30.30,172.00,91.50,23.00,12.20,0.00,0.00,8.20,8.80,-0.60
Pepperell,11438,0.00,0.00,1.00,0.90,2.00,1.70,24.00,21.00,32.00,28.00,133.00,116.30,7.00,6.10,0.00,0.00,6.90,7.90,-1.00
Pittsfield,42597,0.00,0.00,53.00,12.40,16.00,3.80,229.00,53.80,374.00,87.80,672.00,157.80,59.00,13.90,6.00,1.40,8.40,8.30,0.10
Plainville,8388,0.00,0.00,0.00,0.00,1.00,1.20,8.00,9.50,24.00,28.60,87.00,103.70,7.00,8.30,2.00,2.40,9.80,10.50,-0.70
Plymouth,55608,0.00,0.00,4.00,0.70,14.00,2.50,69.00,12.40,195.00,35.10,769.00,138.30,31.00,5.60,4.00,0.70,8.20,9.10,-0.90
Princeton,3510,0.00,0.00,0.00,0.00,0.00,0.00,0.00,0.00,19.00,54.10,13.00,37.00,0.00,0.00,0.00,0.00,6.70,7.10,-0.40
Provincetown,3383,0.00,0.00,2.00,5.90,0.00,0.00,15.00,44.30,10.00,29.60,177.00,523.20,2.00,5.90,0.00,0.00,5.60,6.70,-1.10
Quincy,95061,2.00,0.20,15.00,1.60,105.00,11.00,225.00,23.70,598.00,62.90,1139.00,119.80,135.00,14.20,8.00,0.80,8.30,8.50,-0.20
Randolph,30068,0.00,0.00,7.00,2.30,22.00,7.30,121.00,40.20,138.00,45.90,547.00,181.90,71.00,23.60,1.00,0.30,9.90,9.60,0.30
Raynham,13893,0.00,0.00,9.00,6.50,6.00,4.30,6.00,4.30,84.00,60.50,337.00,242.60,34.00,24.50,1.00,0.70,8.50,9.00,-0.50
Reading,23055,0.00,0.00,0.00,0.00,3.00,1.30,10.00,4.30,44.00,19.10,214.00,92.80,7.00,3.00,0.00,0.00,6.20,7.40,-1.20
Rehoboth,11649,0.00,0.00,1.00,0.90,0.00,0.00,9.00,7.70,41.00,35.20,105.00,90.10,17.00,14.60,1.00,0.90,8.80,9.70,-0.90
Revere,56445,2.00,0.40,15.00,2.70,51.00,9.00,169.00,29.90,291.00,51.60,1063.00,188.30,240.00,42.50,2.00,0.40,8.30,8.60,-0.30
Rochester,5301,0.00,0.00,1.00,1.90,0.00,0.00,10.00,18.90,26.00,49.00,48.00,90.50,3.00,5.70,1.00,1.90,7.40,7.10,0.30
Rockland,17789,0.00,0.00,3.00,1.70,3.00,1.70,13.00,7.30,44.00,24.70,241.00,135.50,17.00,9.60,,,8.30,9.00,-0.70
Rockport,7615,0.00,0.00,4.00,5.30,0.00,0.00,6.00,7.90,6.00,7.90,15.00,19.70,2.00,2.60,1.00,1.30,6.50,7.80,-1.30
Rowley,5881,0.00,0.00,1.00,1.70,1.00,1.70,3.00,5.10,8.00,13.60,14.00,23.80,7.00,11.90,2.00,3.40,6.80,7.30,-0.50
Royalston,1396,0.00,0.00,0.00,0.00,0.00,0.00,2.00,14.30,6.00,43.00,6.00,43.00,0.00,0.00,0.00,0.00,10.00,11.50,-1.50
Rutland,8049,0.00,0.00,0.00,0.00,2.00,2.50,14.00,17.40,18.00,22.40,25.00,31.10,4.00,5.00,0.00,0.00,7.80,9.50,-1.70
Salem,41531,0.00,0.00,10.00,2.40,15.00,3.60,61.00,14.70,175.00,42.10,584.00,140.60,87.00,20.90,,,7.90,8.30,-0.40
Salisbury,8609,0.00,0.00,6.00,7.00,1.00,1.20,39.00,45.30,79.00,91.80,95.00,110.30,17.00,19.70,1.00,1.20,9.30,8.60,0.70
Sandwich,20258,0.00,0.00,1.00,0.50,3.00,1.50,22.00,10.90,90.00,44.40,253.00,124.90,8.00,3.90,4.00,2.00,6.40,6.60,-0.20
Saugus,27327,0.00,0.00,5.00,1.80,23.00,8.40,73.00,26.70,206.00,75.40,831.00,304.10,78.00,28.50,1.00,0.40,8.00,8.70,-0.70
Savoy,722,0.00,0.00,0.00,0.00,0.00,0.00,1.00,13.90,2.00,27.70,1.00,13.90,0.00,0.00,0.00,0.00,8.00,7.70,0.30
Scituate,17879,0.00,0.00,2.00,1.10,1.00,0.60,16.00,8.90,46.00,25.70,140.00,78.30,10.00,5.60,2.00,1.10,6.80,7.10,-0.30
Seekonk,13610,0.00,0.00,2.00,1.50,5.00,3.70,29.00,21.30,63.00,46.30,426.00,313.00,23.00,16.90,2.00,1.50,10.50,11.20,-0.70
Sharon,16984,0.00,0.00,0.00,0.00,0.00,0.00,5.00,2.90,34.00,20.00,80.00,47.10,0.00,0.00,1.00,0.60,6.20,7.20,-1.00
Shelburne,2034,0.00,0.00,0.00,0.00,0.00,0.00,0.00,0.00,1.00,4.90,14.00,68.80,0.00,0.00,0.00,0.00,12.30,11.20,1.10
Sherborn,4218,0.00,0.00,0.00,0.00,0.00,0.00,0.00,0.00,11.00,26.10,11.00,26.10,0.00,0.00,0.00,0.00,5.80,6.50,-0.70
Shirley,7738,0.00,0.00,1.00,1.30,0.00,0.00,6.00,7.80,14.00,18.10,42.00,54.30,2.00,2.60,0.00,0.00,8.10,8.50,-0.40
Shrewsbury,33706,0.00,0.00,0.00,0.00,1.00,0.30,6.00,1.80,106.00,31.40,314.00,93.20,19.00,5.60,0.00,0.00,7.40,7.60,-0.20
Somerset,18265,0.00,0.00,3.00,1.60,8.00,4.40,38.00,20.80,38.00,20.80,260.00,142.30,9.00,4.90,0.00,0.00,10.80,10.80,0.00
Somerville,74012,2.00,0.30,20.00,2.70,112.00,15.10,170.00,23.00,450.00,60.80,1614.00,218.10,249.00,33.60,7.00,0.90,6.40,6.70,-0.30
South Hadley,16921,0.00,0.00,3.00,1.80,7.00,4.10,23.00,13.60,66.00,39.00,185.00,109.30,6.00,3.50,2.00,1.20,7.20,7.50,-0.30
Southampton,6036,0.00,0.00,1.00,1.70,0.00,0.00,,,12.00,19.90,36.00,59.60,5.00,8.30,1.00,1.70,6.80,6.50,0.30
Southborough,9569,0.00,0.00,0.00,0.00,0.00,0.00,0.00,0.00,14.00,14.60,36.00,37.60,5.00,5.20,0.00,0.00,6.30,6.50,-0.20
Southbridge,16886,0.00,0.00,4.00,2.40,10.00,5.90,66.00,39.10,172.00,101.90,199.00,117.80,30.00,17.80,5.00,3.00,11.50,10.40,1.10
Southwick,9507,0.00,0.00,0.00,0.00,0.00,0.00,11.00,11.60,42.00,44.20,76.00,79.90,14.00,14.70,0.00,0.00,8.30,8.10,0.20
Springfield,151249,14.00,0.90,117.00,7.70,567.00,37.50,1200.00,79.30,2002.00,132.40,4432.00,293.00,902.00,59.60,61.00,4.00,13.30,12.40,0.90
Stockbridge,2227,0.00,0.00,2.00,9.00,0.00,0.00,0.00,0.00,49.00,220.00,69.00,309.80,3.00,13.50,0.00,0.00,4.90,4.40,0.50
Stoughton,26924,0.00,0.00,8.00,3.00,22.00,8.20,58.00,21.50,197.00,73.20,276.00,102.50,27.00,10.00,0.00,0.00,8.00,8.20,-0.20
Stow,6378,0.00,0.00,0.00,0.00,0.00,0.00,4.00,6.30,15.00,23.50,28.00,43.90,3.00,4.70,1.00,1.60,5.30,6.30,-1.00
Sturbridge,9266,0.00,0.00,6.00,6.50,0.00,0.00,14.00,15.10,33.00,35.60,122.00,131.70,8.00,8.60,1.00,1.10,7.10,7.70,-0.60
Sudbury,17190,0.00,0.00,2.00,1.20,0.00,0.00,2.00,1.20,21.00,12.20,90.00,52.40,1.00,0.60,0.00,0.00,6.00,6.60,-0.60
Sunderland,3714,0.00,0.00,0.00,0.00,1.00,2.70,13.00,35.00,21.00,56.50,19.00,51.20,3.00,8.10,0.00,0.00,6.40,6.10,0.30
Sutton,9107,0.00,0.00,1.00,1.10,0.00,0.00,10.00,11.00,26.00,28.50,47.00,51.60,9.00,9.90,0.00,0.00,7.60,7.70,-0.10
Swampscott,13940,0.00,0.00,2.00,1.40,2.00,1.40,10.00,7.20,38.00,27.30,202.00,144.90,5.00,3.60,0.00,0.00,7.10,7.00,0.10
Swansea,16274,0.00,0.00,3.00,1.80,3.00,1.80,43.00,26.40,48.00,29.50,231.00,141.90,27.00,16.60,3.00,1.80,9.80,10.60,-0.80
Taunton,55745,6.00,1.10,10.00,1.80,51.00,9.10,238.00,42.70,543.00,97.40,626.00,112.30,98.00,17.60,12.00,2.20,9.30,9.90,-0.60
Templeton,7911,1.00,1.30,3.00,3.80,1.00,1.30,9.00,11.40,44.00,55.60,49.00,61.90,7.00,8.80,1.00,1.30,11.40,10.50,0.90
Tewksbury,29692,0.00,0.00,15.00,5.10,5.00,1.70,39.00,13.10,109.00,36.70,356.00,119.90,36.00,12.10,0.00,0.00,7.80,8.50,-0.70
Tisbury,3809,1.00,2.60,0.00,0.00,1.00,2.60,5.00,13.10,22.00,57.80,84.00,220.50,15.00,39.40,0.00,0.00,5.60,4.20,1.40
Topsfield,6056,0.00,0.00,0.00,0.00,0.00,0.00,1.00,1.70,9.00,14.90,55.00,90.80,3.00,5.00,0.00,0.00,6.70,7.00,-0.30
Townsend,9394,0.00,0.00,1.00,1.10,0.00,0.00,4.00,4.30,96.00,102.20,48.00,51.10,5.00,5.30,0.00,0.00,8.00,8.00,0.00
Truro,2139,0.00,0.00,1.00,4.70,0.00,0.00,1.00,4.70,6.00,28.10,16.00,74.80,1.00,4.70,0.00,0.00,4.40,5.20,-0.80
Tyngsboro,11955,0.00,0.00,3.00,2.50,4.00,3.30,6.00,5.00,49.00,41.00,126.00,105.40,20.00,16.70,1.00,0.80,,,
Upton,6629,1.00,1.50,0.00,0.00,0.00,0.00,4.00,6.00,12.00,18.10,30.00,45.30,11.00,16.60,0.00,0.00,7.50,8.60,-1.10
Uxbridge,12820,0.00,0.00,2.00,1.60,0.00,0.00,18.00,14.00,58.00,45.20,76.00,59.30,8.00,6.20,3.00,2.30,8.70,9.50,-0.80
Wales,1857,0.00,0.00,0.00,0.00,0.00,0.00,1.00,5.40,0.00,0.00,3.00,16.20,0.00,0.00,0.00,0.00,8.20,8.50,-0.30
Walpole,23113,0.00,0.00,3.00,1.30,6.00,2.60,16.00,6.90,59.00,25.50,285.00,123.30,12.00,5.20,3.00,1.30,7.50,7.70,-0.20
Waltham,60459,0.00,0.00,9.00,1.50,15.00,2.50,65.00,10.80,108.00,17.90,696.00,115.10,44.00,7.30,1.00,0.20,6.60,7.00,-0.40
Ware,9961,0.00,0.00,3.00,3.00,5.00,5.00,35.00,35.10,29.00,29.10,146.00,146.60,11.00,11.00,2.00,2.00,9.30,10.20,-0.90
Warren,5108,0.00,0.00,0.00,0.00,0.00,0.00,25.00,48.90,30.00,58.70,19.00,37.20,10.00,19.60,0.00,0.00,10.40,9.80,0.60
Watertown,32462,0.00,0.00,3.00,0.90,6.00,1.80,43.00,13.20,101.00,31.10,433.00,133.40,29.00,8.90,1.00,0.30,6.10,6.70,-0.60
Wellesley,26975,0.00,0.00,2.00,0.70,4.00,1.50,8.00,3.00,51.00,18.90,155.00,57.50,9.00,3.30,0.00,0.00,5.60,6.00,-0.40
Wellfleet,2746,0.00,0.00,0.00,0.00,0.00,0.00,10.00,36.40,24.00,87.40,40.00,145.70,2.00,7.30,1.00,3.60,5.40,6.50,-1.10
Wenham,4608,0.00,0.00,1.00,2.20,2.00,4.30,4.00,8.70,3.00,6.50,25.00,54.30,2.00,4.30,0.00,0.00,7.60,8.60,-1.00
West Boylston,8302,0.00,0.00,5.00,6.00,3.00,3.60,7.00,8.40,32.00,38.50,138.00,166.20,7.00,8.40,0.00,0.00,9.30,8.90,0.40
West Bridgewater,6682,0.00,0.00,0.00,0.00,1.00,1.50,6.00,9.00,24.00,35.90,101.00,151.20,8.00,12.00,2.00,3.00,8.10,8.60,-0.50
West Brookfield,3827,0.00,0.00,0.00,0.00,1.00,2.60,7.00,18.30,15.00,39.20,37.00,96.70,3.00,7.80,0.00,0.00,10.10,9.90,0.20
West Newbury,4283,0.00,0.00,0.00,0.00,0.00,0.00,6.00,14.00,3.00,7.00,22.00,51.40,0.00,0.00,0.00,0.00,6.50,6.40,0.10
West Tisbury,2646,0.00,0.00,0.00,0.00,0.00,0.00,0.00,0.00,2.00,7.60,11.00,41.60,2.00,7.60,0.00,0.00,3.60,3.10,0.50
Westborough,18509,0.00,0.00,2.00,1.10,4.00,2.20,7.00,3.80,80.00,43.20,180.00,97.20,18.00,9.70,2.00,1.10,7.30,7.40,-0.10
Westfield,40857,0.00,0.00,21.00,5.10,9.00,2.20,76.00,18.60,251.00,61.40,371.00,90.80,26.00,6.40,5.00,1.20,8.90,8.80,0.10
Westford,21913,0.00,0.00,0.00,0.00,1.00,0.50,4.00,1.80,29.00,13.20,95.00,43.40,9.00,4.10,0.00,0.00,6.60,7.90,-1.30
Westhampton,1601,0.00,0.00,0.00,0.00,0.00,0.00,1.00,6.20,1.00,6.20,3.00,18.70,1.00,6.20,0.00,0.00,6.20,7.90,-1.70
Westminster,7446,0.00,0.00,1.00,1.30,0.00,0.00,6.00,8.10,18.00,24.20,116.00,155.80,10.00,13.40,0.00,0.00,8.70,9.90,-1.20
Westport,15253,0.00,0.00,2.00,1.30,0.00,0.00,53.00,34.70,74.00,48.50,81.00,53.10,28.00,18.40,1.00,0.70,11.20,11.30,-0.10
Westwood,13995,0.00,0.00,2.00,1.40,2.00,1.40,8.00,5.70,32.00,22.90,114.00,81.50,10.00,7.10,5.00,3.60,5.80,6.20,-0.40
Weymouth,53180,0.00,0.00,8.00,1.50,20.00,3.80,78.00,14.70,173.00,32.50,630.00,118.50,56.00,10.50,,,8.30,8.90,-0.60
Wilbraham,14098,0.00,0.00,1.00,0.70,4.00,2.80,7.00,5.00,37.00,26.20,139.00,98.60,11.00,7.80,0.00,0.00,7.30,7.10,0.20
Williamsburg,2442,0.00,0.00,1.00,4.10,0.00,0.00,2.00,8.20,34.00,139.20,14.00,57.30,0.00,0.00,0.00,0.00,9.80,8.20,1.60
Williamstown,8071,0.00,0.00,3.00,3.70,0.00,0.00,10.00,12.40,21.00,26.00,121.00,149.90,4.00,5.00,2.00,2.50,6.50,7.00,-0.50
Wilmington,21712,1.00,0.50,0.00,0.00,1.00,0.50,44.00,20.30,94.00,43.30,289.00,133.10,12.00,5.50,4.00,1.80,6.80,8.10,-1.30
Winchendon,10192,0.00,0.00,3.00,2.90,3.00,2.90,44.00,43.20,44.00,43.20,181.00,177.60,17.00,16.70,2.00,2.00,11.30,11.20,0.10
Winchester,21171,0.00,0.00,1.00,0.50,1.00,0.50,3.00,1.40,49.00,23.10,238.00,112.40,8.00,3.80,1.00,0.50,5.60,6.80,-1.20
Winthrop,20404,0.00,0.00,3.00,1.50,8.00,3.90,59.00,28.90,100.00,49.00,160.00,78.40,19.00,9.30,2.00,1.00,6.70,7.20,-0.50
Woburn,37005,0.00,0.00,3.00,0.80,10.00,2.70,61.00,16.50,96.00,25.90,719.00,194.30,73.00,19.70,2.00,0.50,7.60,8.70,-1.10
Worcester,177151,6.00,0.30,42.00,2.40,373.00,21.10,1297.00,73.20,1701.00,96.00,3983.00,224.80,672.00,37.90,10.00,0.60,10.80,10.50,0.30
Wrentham,11181,0.00,0.00,1.00,0.90,1.00,0.90,0.00,0.00,7.00,6.30,36.00,32.20,0.00,0.00,0.00,0.00,7.90,8.30,-0.40
Yarmouth,23903,0.00,0.00,7.00,2.90,17.00,7.10,142.00,59.40,240.00,100.40,675.00,282.40,34.00,14.20,7.00,2.90,7.50,7.30,0.20
