Country Name,Country Code,Indicator Name,Indicator Code,2000,2001,2002,2003,2004,2005,2006,2007,2008,2009,2010,2011,2012
United States,USA,"Population, total",SP.POP.TOTL,282162411,284968955,287625193,290107933,292805298,295516599,298379912,301231207,304093966,306771529,309349689,311591917,
United States,USA,Population growth (annual %),SP.POP.GROW,1.11276899679534,0.989741382223669,0.927797485710314,0.859481712840946,0.925483968943482,0.921713167161207,0.964253917136075,0.951055242772428,0.945865287282592,0.876651298802912,0.836905132542329,0.722205670932218,
United States,USA,"GNI, Atlas method (current US$)",NY.GNP.ATLS.CD,9845288483884,10114387034866.7,10345722658420.2,11127549263118.6,12304714724581,13201010773228.5,13808522649547.2,14131618233082.9,14561642137957.9,14097052546062.3,14649584412621.2,15148157107358.1,
United States,USA,"GNI per capita, Atlas method (current US$)",NY.GNP.PCAP.CD,34890,35490,35970,38360,42020,44670,46280,46910,47890,45950,47360,48620,
United States,USA,"GNI, PPP (current international $)",NY.GNP.MKTP.PP.CD,10070500000000,10389100000000,10661400000000,11141300000000,11911300000000,12756500000000,13629200000000,14097100000000,14390900000000,13923500000000,14605300000000,15211300000000,
United States,USA,"GNI per capita, PPP (current international $)",NY.GNP.PCAP.PP.CD,35690,36460,37070,38400,40680,43170,45680,46800,47320,45390,47210,48820,
United States,USA,GDP (current US$),NY.GDP.MKTP.CD,9898800000000,10233900000000,10590200000000,11089300000000,11797800000000,12564300000000,13314500000000,13961800000000,14219300000000,13898300000000,14419400000000,14991300000000,
United States,USA,GDP growth (annual %),NY.GDP.MKTP.KD.ZG,4.17324084361084,1.09337611242057,1.82799797874131,2.55260614819393,3.47977418396366,3.07562308235023,2.65912147911145,1.90721329777337,-0.359088280940938,-3.52747152063037,3.02171710776244,1.69999999999999,
United States,USA,"Inflation, GDP deflator (annual %)",NY.GDP.DEFL.KD.ZG,2.16372748272435,2.26709483347508,1.62388362869481,2.10647165400006,2.81143588475513,3.31926291342452,3.22598151708739,2.8991114963123,2.21134703687218,1.31641250203856,0.706319340397982,2.22830329002434,
United States,USA,"Revenue, excluding grants (% of GDP)",GC.REV.XGRT.GD.ZS,,20.1154984903116,17.8905119827765,17.2449117617884,17.359948464968,18.5553751502272,19.2779676292764,19.2989872366027,17.910881688972,16.3252484116762,17.0779366686547,17.2413533182579,
United States,USA,Cash surplus/deficit (% of GDP),GC.BAL.CASH.GD.ZS,,0.484468286772394,-2.60153727030651,-3.82607558637606,-3.61772533862246,-2.76352840985968,-1.8259341319614,-2.23394547980919,-5.2896556089259,-10.3886950202543,-10.1071057048143,-8.83316323467611,
United States,USA,Military expenditure (% of GDP),MS.MIL.XPND.GD.ZS,3.04781387642947,3.05595129911373,3.36839719740893,3.74435717313086,3.93866653104816,4.00621602476859,3.9630478050246,3.98917761320174,4.36827410632028,4.82273002683286,4.83336448145303,4.71327017357891,
United States,USA,Military expenditure (current LCU),MS.MIL.XPND.CN,301697000000,312743000000,356720000000,415223000000,464676000000,503353000000,527660000000,556961000000,621138000000,668604000000,698281000000,711421000000,
United States,USA,Military expenditure (% of central government expenditure),MS.MIL.XPND.ZS,,15.6307413960276,16.5277998501601,17.8506543587662,18.8585579742906,18.8565862795598,18.761377858687,18.5832065449498,18.7912555669206,18.040645444346,17.8850958260486,18.3050968695452,
United Kingdom,GBR,"Population, total",SP.POP.TOTL,58892514,59107960,59325809,59566259,59867866,60224307,60595632,60986649,61393521,61811027,62231336,62641000,
United Kingdom,GBR,Population growth (annual %),SP.POP.GROW,0.357300887421605,0.365161650794388,0.367883666176991,0.404485062585954,0.50506108054545,0.593614117851988,0.614676968410135,0.643216009605251,0.664933704713826,0.677747055483513,0.677688812811165,0.656134869956798,
United Kingdom,GBR,"GNI, Atlas method (current US$)",NY.GNP.ATLS.CD,1525742547929.21,1527692011227.75,1553346144934.65,1737741985756.22,2069928373787.57,2350577266478.95,2495755519198.32,2713533850359.11,2805442308578.17,2548125556655.55,2391777395950.86,2370444976993.33,
United Kingdom,GBR,"GNI per capita, Atlas method (current US$)",NY.GNP.PCAP.CD,25910,25850,26180,29170,34570,39030,41190,44490,45700,41220,38430,37840,
United Kingdom,GBR,"GNI, PPP (current international $)",NY.GNP.MKTP.PP.CD,1527126802229.96,1631368996674.37,1723626074544.34,1795704925798.07,1923833917430.2,2017087763998.43,2135177342899.24,2214706702975.99,2260883384085.85,2151462774328.95,2216471701877.91,2255941657442.15,
United Kingdom,GBR,"GNI per capita, PPP (current international $)",NY.GNP.PCAP.PP.CD,25930,27600,29050,30150,32130,33490,35240,36310,36830,34810,35620,36010,
United Kingdom,GBR,GDP (current US$),NY.GDP.MKTP.CD,1475705855651.38,1468026486253.06,1601617206235.01,1855666938775.51,2196860009520.67,2295844712162.59,2452969436251.46,2825526440056.67,2648935779074.43,2183862761501.06,2256260000000,2445408064516.13,
United Kingdom,GBR,GDP growth (annual %),NY.GDP.MKTP.KD.ZG,4.23546340415201,2.88537457037783,2.43291850440941,3.8148962388771,2.90812500619815,2.77427518585974,2.60042728569721,3.63267225737603,-0.967877825436062,-3.97442264287943,1.79931990501213,0.75832797860258,
United Kingdom,GBR,"Inflation, GDP deflator (annual %)",NY.GDP.DEFL.KD.ZG,0.666539901849305,1.63469649917131,2.29255507007721,2.45465273719732,2.58465156271228,2.39553533513765,2.90311180145481,2.2099797300083,3.03761619923637,1.31539955764714,2.76661478942771,2.60288602186456,
United Kingdom,GBR,"Revenue, excluding grants (% of GDP)",GC.REV.XGRT.GD.ZS,37.0885086958394,37.0312735944336,35.6103645988813,35.1017423957149,35.8528054032025,36.6030996824291,37.308584060242,37.0236502731002,38.5676343974833,35.5260107442739,36.0842210629026,,
United Kingdom,GBR,Cash surplus/deficit (% of GDP),GC.BAL.CASH.GD.ZS,3.89728635672936,0.75335494460885,-1.97857194326403,-3.51276970884993,-3.19781711686409,-3.04044475770367,-2.7395873104218,-2.69410722467441,-4.71250878772127,-10.9806022414458,-10.0426232928693,,
United Kingdom,GBR,Military expenditure (% of GDP),MS.MIL.XPND.GD.ZS,2.3867079388947,2.40244708185489,2.46073902143266,2.52325482407602,2.45165797549839,2.41833640013649,2.35142785961432,2.34585956995183,2.48941675326215,2.66720904771949,2.56808955725562,2.59461323905451,
United Kingdom,GBR,Military expenditure (current LCU),MS.MIL.XPND.CN,23301000000,24544000000,26462000000,28751000000,29478000000,30333000000,31241000000,32978000000,35695000000,37177000000,37590000000,39116000000,
United Kingdom,GBR,Military expenditure (% of central government expenditure),MS.MIL.XPND.ZS,6.59073037998314,6.55366507524539,6.53765289811569,6.50004521613312,6.26347918654238,5.87499297898343,5.85214990315414,5.88309800108821,5.76029615619851,5.75687846090953,5.62060679825775,,
Pakistan,PAK,"Population, total",SP.POP.TOTL,144522192,147557907,150407242,153139895,155860066,158645463,161513324,164445596,167442258,170494367,173593383,176745364,
Pakistan,PAK,Population growth (annual %),SP.POP.GROW,2.28233420573116,2.07876149518724,1.9125873385074,1.80052880853887,1.76067418346518,1.77133282062547,1.79157207291049,1.79921512924919,1.80587713743074,1.8063694580201,1.80134270857225,1.7994390155137,
Pakistan,PAK,"GNI, Atlas method (current US$)",NY.GNP.ATLS.CD,67666511033.6717,70146203759.2717,74413653156.6293,82969795338.2468,96715345436.2335,112941080510.096,126336461849.915,140137818939.187,156722434706.422,169593513727.121,181967397403.119,198004342497.127,
Pakistan,PAK,"GNI per capita, Atlas method (current US$)",NY.GNP.PCAP.CD,470,480,490,540,620,710,780,850,940,990,1050,1120,
Pakistan,PAK,"GNI, PPP (current international $)",NY.GNP.MKTP.PP.CD,233617638231.622,243549893173.908,260210851439.399,285723570779.202,312628312125.999,347301061677.141,380270124249.372,412928478264.609,429731310344.804,454056035195.746,478568108501.053,507202815981.334,
Pakistan,PAK,"GNI per capita, PPP (current international $)",NY.GNP.PCAP.PP.CD,1620,1650,1730,1870,2010,2190,2350,2510,2570,2660,2760,2870,
Pakistan,PAK,GDP (current US$),NY.GDP.MKTP.CD,73952374969.7995,72309738921.3329,72306820396.2325,83244801092.7096,97977766197.6724,109600000000,127500000000,143171182643.097,163891692022.271,161819031346.249,176477528501.874,210216197942.471,
Pakistan,PAK,GDP growth (annual %),NY.GDP.MKTP.KD.ZG,4.26008801093786,1.98248403273405,3.22442997251895,4.84632093584128,7.36857135820806,7.66730427253273,6.17754203575898,5.68311625774038,1.59598083077823,3.59535520966692,3.5468053775321,2.95586570094272,
Pakistan,PAK,"Inflation, GDP deflator (annual %)",NY.GDP.DEFL.KD.ZG,24.891150552165,7.89115522677946,2.46309288560724,4.43839748966803,7.74924724231751,7.02646669647129,10.4602802058188,7.65308686166289,16.2445146207494,19.9124493906983,12.3592555710526,18.3164069925281,
Pakistan,PAK,"Revenue, excluding grants (% of GDP)",GC.REV.XGRT.GD.ZS,13.886162738091,12.7103834248682,13.9033708884634,14.3893898821244,13.4912189881182,12.9985897988579,13.3986426968709,14.4697911577841,13.4274319522006,14.0176413244024,13.8610680474072,12.3989629826554,
Pakistan,PAK,Cash surplus/deficit (% of GDP),GC.BAL.CASH.GD.ZS,-4.08642091146859,-3.74814157101651,-2.85652107709245,-2.88341159985298,-1.95162554205419,-3.20278433953631,-4.22952026083517,-4.17341989923449,-7.4366481821377,-4.75931759759597,-5.01060211501893,-6.48209040035832,
Pakistan,PAK,Military expenditure (% of GDP),MS.MIL.XPND.GD.ZS,4.02497470669304,4.03812656581327,4.22220096149398,4.24558950933291,4.11305220385138,4.04628955248038,3.76482070205379,3.57430819553126,3.42679736009685,3.23797853314543,3.24873676712677,3.00616163483374,
Pakistan,PAK,Military expenditure (current LCU),MS.MIL.XPND.CN,154000000000,170000000000,188000000000,207000000000,232000000000,263000000000,287000000000,310000000000,351000000000,412000000000,482000000000,543000000000,
Pakistan,PAK,Military expenditure (% of central government expenditure),MS.MIL.XPND.ZS,23.4185627085241,24.843195594863,24.9462593880205,25.2276890339989,28.4947524211328,27.6690944631301,24.6918891015852,21.8992282288116,18.3897784267466,19.2755481717938,18.5257998667834,16.8674661369309,
Afghanistan,AFG,"Population, total",SP.POP.TOTL,25950816,26697430,27465525,28255719,29068646,29904962,30751661,31622333,32517656,33438329,34385068,35320445,
Afghanistan,AFG,Population growth (annual %),SP.POP.GROW,2.91713919813292,2.87703477223993,2.87703722792794,2.87703948859526,2.87703526496708,2.87703802922228,2.83129936764341,2.83130072226017,2.83129963877111,2.83130186259428,2.83129877692154,2.72029998602883,
Afghanistan,AFG,"GNI, Atlas method (current US$)",NY.GNP.ATLS.CD,,,,,5083526734.26075,6146246372.0258,6963660037.98195,8363451195.00407,9648993029.48374,12329497688.539,14424638668.5283,16589620328.1291,
Afghanistan,AFG,"GNI per capita, Atlas method (current US$)",NY.GNP.PCAP.CD,,,,,170,210,230,260,300,370,420,470,
Afghanistan,AFG,"GNI, PPP (current international $)",NY.GNP.MKTP.PP.CD,,,15540608478.4662,17218883109.9666,17945804095.2134,20617632723.286,22562547086.0474,26334690706.6096,27970029771.7235,34126585532.3547,37244592633.8976,40267838526.0327,
Afghanistan,AFG,"GNI per capita, PPP (current international $)",NY.GNP.PCAP.PP.CD,,,570,610,620,690,730,830,860,1020,1080,1140,
Afghanistan,AFG,GDP (current US$),NY.GDP.MKTP.CD,,2461666314.76859,4093797449.88745,4589112903.78521,5283562278.67444,6269129359.36674,7057055309.38183,8720455003.4206,10617347740.0303,12244505991.739,15712654582.7823,19176772039.8503,
Afghanistan,AFG,GDP growth (annual %),NY.GDP.MKTP.KD.ZG,,,,8.44416323309444,1.05555580243364,11.1752702208793,5.55413764076813,13.7402049677366,3.61136841109129,21.0202802373519,8.43455968668852,5.73716158889918,
Afghanistan,AFG,"Inflation, GDP deflator (annual %)",NY.GDP.DEFL.KD.ZG,,,,11.7156723603957,11.2427293712466,10.9002680057714,7.17126074214274,8.72844543070683,18.1858954964014,-4.73729955643365,9.43732223682328,12.857018422163,
Afghanistan,AFG,"Revenue, excluding grants (% of GDP)",GC.REV.XGRT.GD.ZS,,,,,,,8.8591224784561,7.80918294713746,7.77385404484363,10.5167948597441,11.0361174004847,,
Afghanistan,AFG,Cash surplus/deficit (% of GDP),GC.BAL.CASH.GD.ZS,,,,,,,-2.02786009625116,-1.94862938125331,-2.25206596677529,0.281700526199515,1.49555767038626,,
Afghanistan,AFG,Military expenditure (% of GDP),MS.MIL.XPND.GD.ZS,,,,2.00759902111664,1.99481776127256,1.63082167300268,1.61426718547341,2.19546391752577,1.91283333333333,1.75966386554622,3.34244694132335,4.43603896103896,
Afghanistan,AFG,Military expenditure (current LCU),MS.MIL.XPND.CN,,,,4685000000,5440000000,5521000000,6223000000,10648000000,11477000000,12564000000,26773000000,40989000000,
Afghanistan,AFG,Military expenditure (% of central government expenditure),MS.MIL.XPND.ZS,,,,,,,8.68867041174158,9.04815898322543,4.3934774955642,4.63464499215763,7.2480331314369,,
Canada,CAN,"Population, total",SP.POP.TOTL,30769700,31081900,31362000,31676000,31995000,32312000,32576074,32929733,33319098,33729690,34126181,34482779,
Canada,CAN,Population growth (annual %),SP.POP.GROW,0.882998576899551,1.00952166618952,0.897131276677935,0.996232738932617,1.00203442432575,0.985903766968816,0.813941427536767,1.07978957108146,1.17547578565952,1.22477122959505,1.16864025650473,1.03951790306018,
Canada,CAN,"GNI, Atlas method (current US$)",NY.GNP.ATLS.CD,680919841818.933,696782478878.045,716420709570.044,780637136512.029,912972046708.332,1069970558495.21,1202308649823.73,1327856820480.24,1447965100545.18,1412898810000.84,1475864608823.14,1570886127853.82,
Canada,CAN,"GNI per capita, Atlas method (current US$)",NY.GNP.PCAP.CD,22130,22420,22840,24640,28530,33110,36910,40320,43460,41890,43250,45560,
Canada,CAN,"GNI, PPP (current international $)",NY.GNP.MKTP.PP.CD,851326568057.971,884103108687.326,914346677215.212,965961300143.521,1027447738222.04,1110784515255.98,1189061073291.64,1246703294190.62,1282544380362.8,1254337382960.54,1309486991244.93,1367594947665.97,
Canada,CAN,"GNI per capita, PPP (current international $)",NY.GNP.PCAP.PP.CD,27670,28440,29150,30500,32110,34380,36500,37860,38490,37190,38370,39660,
Canada,CAN,GDP (current US$),NY.GDP.MKTP.CD,724918860682.782,715423553719.008,734661951188.428,865873242452.359,992226099521.914,1133759985475.67,1278610846644.8,1424065729447.91,1502678437546.86,1337577639751.55,1577040082217.76,1736050505050.51,
Canada,CAN,GDP growth (annual %),NY.GDP.MKTP.KD.ZG,5.23328864605186,1.78380122033775,2.92452948097839,1.88107432962821,3.11997697924049,3.01905734541239,2.8230327286191,2.20002135564717,0.688726873388902,-2.76976817989366,3.21494840783281,2.45964120483926,
Canada,CAN,"Inflation, GDP deflator (annual %)",NY.GDP.DEFL.KD.ZG,4.13230363985963,1.11947610033903,1.09182995682498,3.28480016890971,3.18780155427443,3.30600011154236,2.67415602370123,3.18925499242732,4.10969001354951,-1.92571538838283,2.94440856444143,3.25144347174071,
Canada,CAN,"Revenue, excluding grants (% of GDP)",GC.REV.XGRT.GD.ZS,20.8682704534836,20.3804347826087,19.6353559053001,19.339831434047,19.1814121245079,19.0554975270136,18.9955908866834,19.0515883678557,18.1050106709542,17.9315035791718,17.1966406665485,,
Canada,CAN,Cash surplus/deficit (% of GDP),GC.BAL.CASH.GD.ZS,2.22900916515957,1.59848670815705,1.54817612899588,1.12267397531271,1.57772912977397,0.820325437003447,1.63630158472978,1.79276916871133,0.604146891203666,-1.41760710536729,-2.03064369989561,,
Canada,CAN,Military expenditure (% of GDP),MS.MIL.XPND.GD.ZS,1.14492507270729,1.17070740617735,1.1563832232491,1.1500401838152,1.14253090465146,1.14561686361999,1.15829716527453,1.22307364919596,1.28718774517936,1.4157104222736,1.4650918867813,1.42468973462346,
Canada,CAN,Military expenditure (current LCU),MS.MIL.XPND.CN,12326000000,12972000000,13332000000,13952000000,14749000000,15739000000,16800000000,18708000000,20639000000,21646000000,23802000000,24486000000,
Canada,CAN,Military expenditure (% of central government expenditure),MS.MIL.XPND.ZS,6.12189149858699,6.22053851871388,6.35656253575924,6.2855057642665,6.46670408109578,6.26111378527073,6.65604868424181,7.05653374371973,7.33450368875179,7.30141704023774,7.62696385827857,,
Russian Federation,RUS,"Population, total",SP.POP.TOTL,146303000,145949580.335128,145299690.295609,144599446.748596,143849574.208616,143150000,142500000,142100000,141950000,141910000,141920000,141930000,
Russian Federation,RUS,Population growth (annual %),SP.POP.GROW,-0.00410099380807566,-0.241859173148492,-0.446278280275204,-0.483095545586835,-0.519935361044951,-0.487509848113798,-0.455103183541881,-0.281096460565032,-0.105615218407472,-0.0281829072534091,0.00704647148232434,0.00704597498971273,
Russian Federation,RUS,"GNI, Atlas method (current US$)",NY.GNP.ATLS.CD,250285600912.383,259617510213.174,305698691892.145,373909769349.362,490582078741.578,638044350697.412,829455941000.473,1078377644583.18,1378496033475.85,1318720312210.34,1409594542637.48,1522273551577.14,
Russian Federation,RUS,"GNI per capita, Atlas method (current US$)",NY.GNP.PCAP.CD,1710,1780,2100,2590,3410,4460,5820,7590,9710,9290,9930,10730,
Russian Federation,RUS,"GNI, PPP (current international $)",NY.GNP.MKTP.PP.CD,973727861357.129,1059524738505.19,1144425550264.66,1297234742746.93,1442678080266.06,1654480751295.88,2066580423030.19,2322890662056.38,2817892181858.67,2589866149466.23,2737442073846.39,2917709280331.05,
Russian Federation,RUS,"GNI per capita, PPP (current international $)",NY.GNP.PCAP.PP.CD,6660,7260,7880,8970,10030,11560,14500,16350,19850,18250,19290,20560,
Russian Federation,RUS,GDP (current US$),NY.GDP.MKTP.CD,259708496267.33,306602673980.117,345110438693.573,430347770733.154,591016690742.938,764000901160.579,989930542278.685,1299705764824.48,1660846387626,1222648134225.45,1487515608183.44,1857769676143.63,
Russian Federation,RUS,GDP growth (annual %),NY.GDP.MKTP.KD.ZG,10.0000000000001,5.09198423127464,4.74366989684276,7.29585433062174,7.17594919269398,6.37618702701526,8.15343197291239,8.53508020907745,5.247953532178,-7.82088502684036,4.33993330300333,4.3353050965414,
Russian Federation,RUS,"Inflation, GDP deflator (annual %)",NY.GDP.DEFL.KD.ZG,37.698095568389,16.489527977493,15.4929534423952,13.780061468852,20.2820769282179,19.3060948358685,15.1700471050962,13.8044206797406,17.9597140373189,1.99372282320178,11.5612675104494,15.8165084949329,
Russian Federation,RUS,"Revenue, excluding grants (% of GDP)",GC.REV.XGRT.GD.ZS,,,31.7562491579135,27.5844466691558,26.8498866830601,30.2838575607505,28.693547640301,31.3283580889608,33.6813498942365,25.5040179726722,26.7092451086902,,
Russian Federation,RUS,Cash surplus/deficit (% of GDP),GC.BAL.CASH.GD.ZS,,,7.03040094056783,2.20755532366021,5.28091748590374,9.88306837968613,8.02609442896437,6.18602656338537,5.6198572461022,-4.20926842992705,-1.91265760270431,,
Russian Federation,RUS,Military expenditure (% of GDP),MS.MIL.XPND.GD.ZS,3.70948313622427,4.08113064090523,4.34412403608947,4.30034787004124,3.85266134256679,3.72979521873147,3.59249829328298,3.44085884597309,3.50801969752812,4.36259042048761,3.94264258150044,3.86915068686629,
Russian Federation,RUS,Military expenditure (current LCU),MS.MIL.XPND.CN,271000000000,365000000000,470000000000,568000000000,656000000000,806000000000,967000000000,1144000000000,1448000000000,1693000000000,1781000000000,2112000000000,
Russian Federation,RUS,Military expenditure (% of central government expenditure),MS.MIL.XPND.ZS,,,19.2569283970041,18.6595968868869,17.8580209458912,18.6974962243121,18.4225566774624,14.9560078963538,16.2919957694818,14.0343023882354,14.0500627164506,,
Australia,AUS,"Population, total",SP.POP.TOTL,19153000,19413000,19651400,19895400,20127400,20394800,20697900,21072500,21498500,21951700,22299800,22620600,
Australia,AUS,Population growth (annual %),SP.POP.GROW,1.20219139373096,1.34835834227145,1.22056378534358,1.23399666342628,1.15935216218033,1.31978955436191,1.47522794532757,1.52042226074446,2.00142923683952,2.08614200114382,1.57331245466558,1.42832857191371,
Australia,AUS,"GNI, Atlas method (current US$)",NY.GNP.ATLS.CD,405058992521.814,391305592892.11,393342429325.513,421109841589.914,513460159892.258,617670623105.152,705491363658.447,775497441555.964,897806739035.333,948511582099.119,1022538335785.89,1111433600164.73,
Australia,AUS,"GNI per capita, Atlas method (current US$)",NY.GNP.PCAP.CD,21150,20160,20020,21170,25510,30290,34090,36800,41760,43210,45850,49130,
Australia,AUS,"GNI, PPP (current international $)",NY.GNP.MKTP.PP.CD,488889251933.28,516776195619.026,549762497486.195,576234783845.568,612616896319.759,638772142057.56,679186849966.211,726897655059.845,762219456372.177,823157508037.825,812476927727.926,861997041025.652,
Australia,AUS,"GNI per capita, PPP (current international $)",NY.GNP.PCAP.PP.CD,25530,26620,27980,28960,30440,31320,32810,34500,35450,37500,36430,38110,
Australia,AUS,GDP (current US$),NY.GDP.MKTP.CD,415774037555.737,379357625845.229,395012557555.463,466459522422.831,611386399203.301,692301157720.643,744836028751.123,850325822407.16,1052817595438.4,921971672011.195,1139200538110.92,1379382221955.1,
Australia,AUS,GDP growth (annual %),NY.GDP.MKTP.KD.ZG,3.84616636310284,1.89933582789605,3.91321463426635,3.15132848478153,4.14755843413074,3.18666231995188,3.03805646974224,3.78136490171302,3.77308555606324,1.36618924227223,2.3297102538582,1.90562711654734,
Australia,AUS,"Inflation, GDP deflator (annual %)",NY.GDP.DEFL.KD.ZG,2.57319657308469,4.78552520259505,2.77591426769443,2.84718136931951,3.04002625696376,3.83628078859255,4.8401000192281,4.90496717107425,4.62879905156097,5.05055112461763,0.935619836162729,6.14782549978112,
Australia,AUS,"Revenue, excluding grants (% of GDP)",GC.REV.XGRT.GD.ZS,25.9083706801886,26.9948153544727,25.9701330422758,26.6543973050689,26.6585765695118,27.1094875768135,27.0515870981491,26.5158901630565,26.6411213411466,24.6238274805186,23.4423757905643,22.9636819657812,
Australia,AUS,Cash surplus/deficit (% of GDP),GC.BAL.CASH.GD.ZS,2.01106584677291,0.833787196118235,-0.430095847661031,0.848284016576124,0.827470339865524,1.25518650796667,1.73149859821492,1.63628977157314,1.91028692570851,-2.44605971164765,-4.04181292427593,-3.70070697619897,
Australia,AUS,Military expenditure (% of GDP),MS.MIL.XPND.GD.ZS,1.88999864419036,1.92095288742437,1.92706988411495,1.90311354149959,1.88507415595808,1.87112700456691,1.88828087553922,1.88149313917773,1.87342925093191,1.93675955453973,1.97006951400905,1.86188754644836,
Australia,AUS,Military expenditure (current LCU),MS.MIL.XPND.CN,12546000000,13618000000,14627000000,15306000000,16311000000,17335000000,18910000000,20539000000,22214000000,24311000000,25311000000,25905000000,
Australia,AUS,Military expenditure (% of central government expenditure),MS.MIL.XPND.ZS,7.87902005237608,7.32532557301388,7.33315284963703,7.391274953883,7.3685399349476,7.333096440688,7.59981030616264,7.71594618861035,7.74938514939562,7.2899393379652,7.28556501915588,,
Iraq,IRQ,"Population, total",SP.POP.TOTL,24313641,24937728,25577836,26234373,26907763,27598437,28432904,29292601,30178292,31090763,32030823,32961959,
Iraq,IRQ,Population growth (annual %),SP.POP.GROW,3.06771942495723,2.56681835517765,2.56682565468676,2.56681996084422,2.56682330467741,2.56682058631186,3.02360238733808,3.02359899643034,3.02359971379804,3.02360054041493,3.02359900270057,2.8655481002433,
Iraq,IRQ,"GNI, Atlas method (current US$)",NY.GNP.ATLS.CD,,,,,,,32687265358.5885,42432198318.6977,63339627126.8574,71816671762.1978,76278902461.5058,86976461987.8709,
Iraq,IRQ,"GNI per capita, Atlas method (current US$)",NY.GNP.PCAP.CD,,,,,,,1150,1450,2100,2310,2380,2640,
Iraq,IRQ,"GNI, PPP (current international $)",NY.GNP.MKTP.PP.CD,,,,,62683243016.6577,73706162204.4839,83289882254.6434,88831474801.6822,101795281771.469,109176902187.378,110517118188.165,123475658924.931,
Iraq,IRQ,"GNI per capita, PPP (current international $)",NY.GNP.PCAP.PP.CD,,,,,2330,2670,2930,3030,3370,3510,3450,3750,
Iraq,IRQ,GDP (current US$),NY.GDP.MKTP.CD,25857106735.7513,18936094867.8072,18969591211.0373,,25755086058.7475,31316963994.5652,45080072236.609,56989916307.9866,86530068728.5223,64231331196.5812,81112411282.0513,115388468974.359,
Iraq,IRQ,GDP growth (annual %),NY.GDP.MKTP.KD.ZG,-4.3,-6.59999999999998,-7.79999999999998,-41.3,46.5,-0.699999578682167,6.19999999999989,1.50000000000013,9.49999999999982,4.20000000000012,0.844300000000004,9.90307683997642,
Iraq,IRQ,"Inflation, GDP deflator (annual %)",NY.GDP.DEFL.KD.ZG,47.3800705952403,-21.6320412336327,10.2288377732709,13.1775778091944,3.60083184220457,24.0195215070806,35.1204672261404,6.48885125357501,31.8640689773754,-30.1411919540475,25.2244213586798,29.4390294095272,
Iraq,IRQ,"Revenue, excluding grants (% of GDP)",GC.REV.XGRT.GD.ZS,,,,,,,,,,,,,
Iraq,IRQ,Cash surplus/deficit (% of GDP),GC.BAL.CASH.GD.ZS,,,,,,,,,,,,,
Iraq,IRQ,Military expenditure (% of GDP),MS.MIL.XPND.GD.ZS,,,,,2.38295967478277,3.57711739047182,2.74223181207192,3.40841310761275,3.32044980083839,4.62138338576745,4.41510309531266,5.06575674090802,
Iraq,IRQ,Military expenditure (current LCU),MS.MIL.XPND.CN,,,,,892000000000,1649000000000,1814000000000,2437000000000,3428000000000,3473000000000,4190000000000,6839000000000,
Iraq,IRQ,Military expenditure (% of central government expenditure),MS.MIL.XPND.ZS,,,,,,,,,,,,,
Poland,POL,"Population, total",SP.POP.TOTL,38453757,38248076,38230364,38204570,38182222,38165445,38141267,38120560,38125759,38151603,38183683,38216000,
Poland,POL,Population growth (annual %),SP.POP.GROW,-0.535608109328951,-0.536314413777767,-0.0463189372499392,-0.067492701646486,-0.0585127351273288,-0.043948953332248,-0.0633705742926632,-0.0543050208038707,0.0136373796827091,0.067763227021235,0.0840502566232696,0.084599832508404,
Poland,POL,"GNI, Atlas method (current US$)",NY.GNP.ATLS.CD,176719677340.33,178709095380.645,185689302253.017,209334769274.386,239270157097.373,277425954775.023,317948882681.777,373439567164.224,452372937101.555,465105742412.307,475297460087.04,477008735073.722,
Poland,POL,"GNI per capita, Atlas method (current US$)",NY.GNP.PCAP.CD,4600,4670,4860,5480,6270,7270,8340,9800,11870,12190,12450,12480,
Poland,POL,"GNI, PPP (current international $)",NY.GNP.MKTP.PP.CD,402847969581.457,417912846488.826,440566992606.738,453530389129.429,483005197495.757,514253227303.224,557874440701.585,613978122772.684,670632684216.863,689789394240.534,737364008725.728,780806048875.409,
Poland,POL,"GNI per capita, PPP (current international $)",NY.GNP.PCAP.PP.CD,10480,10930,11520,11870,12650,13470,14630,16110,17590,18080,19310,20430,
Poland,POL,GDP (current US$),NY.GDP.MKTP.CD,171276118424.232,190420870074.99,198179425151.286,216800888642.044,252768998589.254,303912247950.845,341669943593.876,425321502150.576,529400630914.827,430878337232.781,469781791044.776,514496456772.626,
Poland,POL,GDP growth (annual %),NY.GDP.MKTP.KD.ZG,4.25980339143644,1.20530160751657,1.44349918669934,3.86715938358597,5.34479977605893,3.61704981297663,6.22748657075853,6.78527326088019,5.12654909294096,1.62768062462222,3.89807699198417,4.34978485743652,
Poland,POL,"Inflation, GDP deflator (annual %)",NY.GDP.DEFL.KD.ZG,7.25212342133246,3.4796575297007,2.2459051841581,0.394000335702316,4.08873467303516,2.64337736005744,1.48333663623212,3.95598066003899,3.10162053187312,3.71793237112146,1.40346907526077,3.15674048266894,
Poland,POL,"Revenue, excluding grants (% of GDP)",GC.REV.XGRT.GD.ZS,,31.5362176806523,29.4389656903849,32.9162100489115,30.7189104179601,31.879219202239,32.1338715565865,32.6643931481716,31.9291032371777,29.9986573771547,29.9558999234746,,
Poland,POL,Cash surplus/deficit (% of GDP),GC.BAL.CASH.GD.ZS,,-2.78861004356281,-4.50049345888708,-5.451067180925,-5.50004434647359,-4.03426414265404,-3.41103231886615,-1.87603517183534,-3.69858996794811,-6.10607018012345,-6.73245777069782,,
Poland,POL,Military expenditure (% of GDP),MS.MIL.XPND.GD.ZS,1.83683558622098,1.90670682586677,1.90544387801795,1.91435511340725,1.89056588263544,1.94019741646005,1.93777351794429,2.02033249570635,1.73980267078135,1.83734775084639,1.86918579961015,1.8861269157401,
Poland,POL,Military expenditure (current LCU),MS.MIL.XPND.CN,13673000000,14864000000,15407000000,16141000000,17479000000,19078000000,20541000000,23774000000,22190000000,24701000000,26475000000,28757000000,
Poland,POL,Military expenditure (% of central government expenditure),MS.MIL.XPND.ZS,,5.35950587548091,5.39765063638816,4.9483278202035,5.127535679188,5.34872702091213,5.40463028497907,5.90241916262811,4.93924440022348,5.14367343368991,5.16397951182595,,
"Korea, Rep.",KOR,"Population, total",SP.POP.TOTL,47008000,47357000,47622000,47859000,48039000,48138000,48372000,48598000,48949000,49182000,49410000,49779000,
"Korea, Rep.",KOR,Population growth (annual %),SP.POP.GROW,0.835251851875999,0.73968439833352,0.558019536199141,0.496434865017666,0.375399302147923,0.205870499112463,0.484924792345509,0.466124387326684,0.719656196235531,0.47487631402973,0.462512995871007,0.744037549110181,
"Korea, Rep.",KOR,"GNI, Atlas method (current US$)",NY.GNP.ATLS.CD,465914490578.4,515935213141.101,563216047387.563,606718940839.977,712395590886.088,813653010022.294,915265523025.156,1027463647218.83,1048764958630.61,966647964983.063,974371298984.627,1038981429350.12,
"Korea, Rep.",KOR,"GNI per capita, Atlas method (current US$)",NY.GNP.PCAP.CD,9910,10890,11830,12680,14830,16900,18920,21140,21430,19650,19720,20870,
"Korea, Rep.",KOR,"GNI, PPP (current international $)",NY.GNP.MKTP.PP.CD,804280007668.421,857579966616.004,936636428432.463,966622932706.376,1041869971519.96,1095709390430.43,1174646227990.61,1270816944380.85,1316140841093.1,1327971205762.2,1426236302969.16,1511727741668.53,
"Korea, Rep.",KOR,"GNI per capita, PPP (current international $)",NY.GNP.PCAP.PP.CD,17110,18110,19670,20200,21690,22760,24280,26150,26890,27000,28870,30370,
"Korea, Rep.",KOR,GDP (current US$),NY.GDP.MKTP.CD,533384027728.655,504585783003.741,575928909990.488,643762388701.001,721975255823.7,844863004335.43,951773478984.908,1049235951186.97,931402204981.625,834060441840.978,1014890141871.14,1116247397318.64,
"Korea, Rep.",KOR,GDP growth (annual %),NY.GDP.MKTP.KD.ZG,8.48619411386548,3.97347875791377,7.15001751522024,2.80277592381653,4.6190203785191,3.95715370309429,5.17868491884745,5.10582397211579,2.29837603089132,0.319499625344449,6.32025403588396,3.63407345815421,
"Korea, Rep.",KOR,"Inflation, GDP deflator (annual %)",NY.GDP.DEFL.KD.ZG,5.01398557928361,3.85993863942964,3.23032573809611,3.5612931924709,3.03357520258056,0.654594288588186,-0.143443930560323,2.08035323642119,2.91043523942524,3.42861191202155,3.61417183381198,1.74483172237399,
"Korea, Rep.",KOR,"Revenue, excluding grants (% of GDP)",GC.REV.XGRT.GD.ZS,22.3208228620308,21.7777922590692,21.5733600226164,21.9284722721026,21.1938032588751,21.7908742430289,22.6779208837518,24.2054460812317,24.0253389394417,23.0486682552434,22.6528089879022,,
"Korea, Rep.",KOR,Cash surplus/deficit (% of GDP),GC.BAL.CASH.GD.ZS,4.37450450569926,2.72194600310217,3.64413496620377,1.70715358101413,0.0983755207900614,0.910786600405367,1.14261027145385,2.31895615750764,1.63855380252633,0.0191028140999447,1.65349066957795,,
"Korea, Rep.",KOR,Military expenditure (% of GDP),MS.MIL.XPND.GD.ZS,2.58754450994304,2.56487720888306,2.44858396958166,2.46169505250656,2.46960699979574,2.62285275167812,2.64530002845687,2.64252886884585,2.79925467518299,2.9220586556258,2.71683984716625,2.75743451648746,
"Korea, Rep.",KOR,Military expenditure (current LCU),MS.MIL.XPND.CN,15609000000000,16708000000000,17643000000000,18884000000000,20421000000000,22694000000000,24039000000000,25765000000000,28733000000000,31121000000000,31876000000000,34113000000000,
"Korea, Rep.",KOR,Military expenditure (% of central government expenditure),MS.MIL.XPND.ZS,15.5634717093046,14.4705643751351,14.5616907559906,13.0348131046699,13.0930331849245,13.3015184737777,12.885523123615,13.1207103005118,13.590450742839,13.3761894144807,13.6725690621726,,
Ukraine,UKR,"Population, total",SP.POP.TOTL,49175847.6425165,48683864.5779071,48202500,47812950,47451600,47105150,46787750,46509350,46258200,46053300,45870700,45706100,
Ukraine,UKR,Population growth (annual %),SP.POP.GROW,-1.00659704203554,-1.00549490383456,-0.993676542201004,-0.811436362424381,-0.758627911477708,-0.73279073215003,-0.676092034711338,-0.596804887457382,-0.541462210878232,-0.443932416886605,-0.397285236005943,-0.359480080664232,
Ukraine,UKR,"GNI, Atlas method (current US$)",NY.GNP.ATLS.CD,34350242177.0074,35353263891.6673,38216941424.3856,46926757624.3063,60069694831.5643,72597674366.3986,91181083866.1811,119473643010.001,148780412442.335,130812931899.385,137235087850.982,142863019928.478,
Ukraine,UKR,"GNI per capita, Atlas method (current US$)",NY.GNP.PCAP.CD,700,730,790,980,1270,1540,1950,2570,3220,2840,2990,3130,
Ukraine,UKR,"GNI, PPP (current international $)",NY.GNP.MKTP.PP.CD,156401116220.949,176928327266.992,189777501401.748,212571862825.845,244813644490.598,259999475973.8,286654856247.261,318638749807.424,335298689219.571,285856547291.191,301831229233.063,321885487152.046,
Ukraine,UKR,"GNI per capita, PPP (current international $)",NY.GNP.PCAP.PP.CD,3180,3630,3940,4450,5160,5520,6130,6850,7250,6210,6580,7040,
Ukraine,UKR,GDP (current US$),NY.GDP.MKTP.CD,31261527363.144,38009344576.6088,42392896031.2394,50132953288.203,64883060725.7003,86142018069.3504,107753069306.931,142719009900.99,179992405832.321,117227769791.56,136418622767.355,165245009991.24,
Ukraine,UKR,GDP growth (annual %),NY.GDP.MKTP.KD.ZG,5.89999999999979,9.20000000000012,5.19999999999985,9.4000000000002,12.1,2.69999999999999,7.3,7.90000076782249,2.3,-14.8,4.2,5.2,
Ukraine,UKR,"Inflation, GDP deflator (annual %)",NY.GDP.DEFL.KD.ZG,23.1159426071962,9.94718615110209,5.12184189891001,8.22060286401801,15.1556536139508,24.5522926827311,14.8782515960484,22.7526076490092,28.5834739960907,13.0736131313889,13.7504208365972,15.6065721951699,
Ukraine,UKR,"Revenue, excluding grants (% of GDP)",GC.REV.XGRT.GD.ZS,26.7826189216205,26.573877271169,29.2322593773526,29.8852326681915,30.7104963173395,35.1076221197322,36.2048173951076,34.3199890111567,35.8219296117529,34.5751276899748,34.3327122797715,35.8511636032204,
Ukraine,UKR,Cash surplus/deficit (% of GDP),GC.BAL.CASH.GD.ZS,-0.595284294702181,-0.79323179391743,0.321931909127142,-0.188947009384914,-3.1921094958289,-1.3635231010393,-1.03344096237639,-0.890082430199339,-1.46694657277629,-5.60538460275142,-6.52241104262176,-2.29263238644995,
Ukraine,UKR,Military expenditure (% of GDP),MS.MIL.XPND.GD.ZS,3.63614982066208,2.86399921641608,2.77489925158319,2.8483900891735,2.59712036347515,2.79260259326042,2.77164694488499,2.87000281658483,2.67294337043381,2.85510951502444,2.71991900747204,2.46817560382804,
Ukraine,UKR,Military expenditure (current LCU),MS.MIL.XPND.CN,6184000000,5848000000,6266000000,7615000000,8963000000,12328000000,15082000000,20685000000,25341000000,26077000000,29445000000,32496000000,
Ukraine,UKR,Military expenditure (% of central government expenditure),MS.MIL.XPND.ZS,13.5313437473332,10.371037706738,9.57029175344582,9.58607651801858,7.8737874824085,7.74745119036621,7.53286826870393,8.21126592830773,7.16348294358344,7.01341523764443,6.64487289776487,,
Italy,ITA,"Population, total",SP.POP.TOTL,56942108,56977217,57157406,57604658,58175310,58607043,58941499,59375289,59832179,60192698,60483385,60770000,
Italy,ITA,Population growth (annual %),SP.POP.GROW,0.045303631138613,0.06163835874479,0.31574844681902,0.779446184144016,0.985760543586414,0.739383915069251,0.569053255519782,0.733272008187006,0.766549688363224,0.600742268178318,0.481764994362398,0.472754692684369,
Italy,ITA,"GNI, Atlas method (current US$)",NY.GNP.ATLS.CD,1196352854787.71,1157455040113.85,1137999474535.09,1285166824064.89,1569848337739.12,1809722116924.42,1919179591690.65,2020661047310.8,2139805801767.8,2141108758902.26,2149934016978.86,2144710810786.01,
Italy,ITA,"GNI per capita, Atlas method (current US$)",NY.GNP.PCAP.CD,21010,20310,19910,22310,26980,30880,32560,34030,35760,35570,35550,35290,
Italy,ITA,"GNI, PPP (current international $)",NY.GNP.MKTP.PP.CD,1455349875517.68,1544218839167.08,1529461117364.37,1560632465626.99,1595862420558.71,1657879368497.54,1794811388591.25,1901280169553.32,1974941038176.06,1930245013137.2,1932943267053.1,1968881031232.3,
Italy,ITA,"GNI per capita, PPP (current international $)",NY.GNP.PCAP.PP.CD,25560,27100,26760,27090,27430,28290,30450,32020,33010,32070,31960,32400,
Italy,ITA,GDP (current US$),NY.GDP.MKTP.CD,1104009462562.19,1123702691037.14,1225176959595.33,1514503536381.49,1735521503771.58,1786275014006.62,1872982702430.31,2127180496503.06,2307311495086.24,2111148008711.62,2043530529926.32,2193971063086.11,
Italy,ITA,GDP growth (annual %),NY.GDP.MKTP.KD.ZG,3.65359607097841,1.86262744990484,0.45143625281014,-0.0465783005399771,1.73066527769396,0.931267136067149,2.19892380362539,1.68306273985084,-1.15623148617354,-5.49440731527915,1.81140180793078,0.435879775126139,
Italy,ITA,"Inflation, GDP deflator (annual %)",NY.GDP.DEFL.KD.ZG,1.94499753159853,2.8777519169152,3.20803967157511,3.11876788663501,2.3921949009362,1.81709712511116,1.70759937821323,2.37385694689249,2.53315842231734,2.08894808307387,0.378762613901145,1.26976003002956,
Italy,ITA,"Revenue, excluding grants (% of GDP)",GC.REV.XGRT.GD.ZS,36.8837518487648,36.5573144038589,35.8276104234808,35.8743490109304,35.4978867180635,35.0528542440795,36.6343289915504,37.3436758097135,37.472513425764,38.3539430935814,37.8074399982283,,
Italy,ITA,Cash surplus/deficit (% of GDP),GC.BAL.CASH.GD.ZS,-0.781195318867101,-2.91939935618011,-2.37450189957992,-3.20535050336351,-2.59285017161531,-3.65516225386434,-2.42513334404594,-1.41751483345618,-2.28671174575108,-5.00021347691493,-4.03745271915969,,
Italy,ITA,Military expenditure (% of GDP),MS.MIL.XPND.GD.ZS,2.02997288018825,1.95837067559142,1.98844274817797,1.99686979464847,1.96576119078674,1.87687172301872,1.78368664619111,1.69058155549277,1.78751925132201,1.8147061018366,1.72724594062992,1.56762958137959,
Italy,ITA,Military expenditure (current LCU),MS.MIL.XPND.CN,24325000000,24592000000,25887000000,26795000000,27476000000,26959000000,26631000000,26275000000,28156000000,27578000000,26827000000,24772000000,
Italy,ITA,Military expenditure (% of central government expenditure),MS.MIL.XPND.ZS,5.21174801921437,4.93309074423634,5.09058516066994,5.07628157401671,5.10543097745702,4.81209637401514,4.52299712461638,4.34035664433854,4.47064689098233,4.13294728386625,4.08839728486651,,
Georgia,GEO,"Population, total",SP.POP.TOTL,4418300,4386400,4357000,4328900,4318300,4361200,4398000,4388400,4383700,4410800,4452800,4486000,
Georgia,GEO,Population growth (annual %),SP.POP.GROW,-0.771072946015597,-0.724616161382205,-0.672509797239651,-0.647027896537131,-0.245166188116453,0.988544256132031,0.840264328247988,-0.218519617137073,-0.107157931390291,0.616296225509049,0.947703288710297,0.742832430852728,
Georgia,GEO,"GNI, Atlas method (current US$)",NY.GNP.ATLS.CD,3297993079.51939,3151026216.16089,3362800304.88821,3926312132.84159,4749361434.75018,5916421286.25894,7404625076.43669,9168708846.16997,10801048058.6134,11184532662.3156,11916470354.4462,12848997206.0865,
Georgia,GEO,"GNI per capita, Atlas method (current US$)",NY.GNP.PCAP.CD,750,720,770,910,1100,1360,1680,2090,2460,2540,2680,2860,
Georgia,GEO,"GNI, PPP (current international $)",NY.GNP.MKTP.PP.CD,10184200458.3197,10618276723.7449,11306385998.6975,12820676462.8388,14120149786.1843,15899416253.0629,18154827711.697,20628535651.6676,21294536075.9307,20784666221.86,21994535547.698,24000352385.3857,
Georgia,GEO,"GNI per capita, PPP (current international $)",NY.GNP.PCAP.PP.CD,2310,2420,2590,2960,3270,3650,4130,4700,4860,4710,4940,5350,
Georgia,GEO,GDP (current US$),NY.GDP.MKTP.CD,3057453460.84975,3219487823.04872,3395778661.40362,3991374539.82055,5125273877.24617,6411147323.20171,7761900179.11312,10172260738.4907,12799337249.9695,10766836276.5639,11638236642.8476,14366527680.2856,
Georgia,GEO,GDP growth (annual %),NY.GDP.MKTP.KD.ZG,1.83834114667299,4.80545174190894,5.47383939349318,11.058101011805,5.85733023757555,9.59964057508142,9.38327661239531,12.344,2.31404709594365,-3.77577396110857,6.25302758084769,6.9534997141743,
Georgia,GEO,"Inflation, GDP deflator (annual %)",NY.GDP.DEFL.KD.ZG,4.6796354621689,5.37692558908283,5.91965973092066,3.42456645677713,8.36751890455727,7.92726337233336,8.48485950136111,9.69284300787892,9.70740928690243,-2.00837073462439,8.54336738267878,9.21039198453646,
Georgia,GEO,"Revenue, excluding grants (% of GDP)",GC.REV.XGRT.GD.ZS,10.3573408860688,10.3715941870469,10.4626781636988,10.3326764736295,16.0092899313979,18.1439516401547,22.4751102622858,24.038208632388,25.6914177996938,25.1823640609363,23.8635350592963,25.2823572837383,
Georgia,GEO,Cash surplus/deficit (% of GDP),GC.BAL.CASH.GD.ZS,-1.61342185076164,0.20527425651913,-1.83743995439909,-0.893264493425984,0.535407331123812,1.52483198038198,1.55548386773152,0.7626320290716,-1.89621389587994,-7.75658845768931,-4.42840413435478,-1.21300174766814,
Georgia,GEO,Military expenditure (% of GDP),MS.MIL.XPND.GD.ZS,0.615582490752134,0.740186005258762,1.00053299706695,1.06841439409775,1.37414433727014,3.33879977509285,5.22120762187931,9.15629195397693,8.51906989440118,5.60435894584677,3.90486321448658,2.96337276225152,
Georgia,GEO,Military expenditure (current LCU),MS.MIL.XPND.CN,37200000,49400000,74600000,91500000,135000000,388000000,720000000,1556000000,1625000000,1008000000,810000000,718000000,
Georgia,GEO,Military expenditure (% of central government expenditure),MS.MIL.XPND.ZS,5.32646048109966,6.84589800443459,8.88412528283911,9.99344692005242,9.42605781315459,19.2775873205147,25.7133673797364,40,29.2545051937998,18.1122311465689,14.8175249245404,,
Spain,ESP,"Population, total",SP.POP.TOTL,40263216,40720484,41313973,42004522,42691689,43398143,44116441,44878945,45555716,45908594,46070971,46235000,
Spain,ESP,Population growth (annual %),SP.POP.GROW,0.840384465040216,1.12929604264003,1.44695138216477,1.65765071100385,1.6226985133602,1.64123878844951,1.64158725946425,1.71362290408843,1.49673504991324,0.771622834888401,0.353072269221198,0.355403168135425,
Spain,ESP,"GNI, Atlas method (current US$)",NY.GNP.ATLS.CD,620843300104.984,613376762461.472,624565353279.546,738057217218.372,921620304717.921,1104694786473.23,1212790656037.07,1319339347147.85,1451085689593.92,1475432321444.63,1449024645213.84,1428303335597.63,
Spain,ESP,"GNI per capita, Atlas method (current US$)",NY.GNP.PCAP.CD,15420,15060,15120,17570,21590,25450,27490,29400,31850,32140,31450,30890,
Spain,ESP,"GNI, PPP (current international $)",NY.GNP.MKTP.PP.CD,850844989051.98,904895813003.823,979331086788.58,1028154063604.85,1093369878564.4,1171882104078.09,1315741102147.47,1411908543290.34,1470133290417.7,1441607264699.75,1436197864927.62,1451689457283.17,
Spain,ESP,"GNI per capita, PPP (current international $)",NY.GNP.PCAP.PP.CD,21130,22220,23700,24480,25610,27000,29820,31460,32270,31400,31170,31400,
Spain,ESP,GDP (current US$),NY.GDP.MKTP.CD,580345494748.48,608856375838.926,686295878035.008,883839729119.639,1044612070303.53,1130798885738.45,1236352163544.47,1441426534070.22,1593420002197.24,1455956368263.64,1380109210526.32,1476881944444.44,
Spain,ESP,GDP growth (annual %),NY.GDP.MKTP.KD.ZG,5.04981532636025,3.66943056673443,2.71018243760628,3.08944159680111,3.25930106936438,3.58364614510506,4.0762214367567,3.47918465583072,0.891696521234636,-3.74475541190013,-0.319829017422663,0.417873108821482,
Spain,ESP,"Inflation, GDP deflator (annual %)",NY.GDP.DEFL.KD.ZG,3.39429573164725,4.19220821382471,4.35308949010999,4.16260967187559,4.04264133909635,4.34394446911614,4.14048309158328,3.2676822547939,2.37503670408601,0.096174692207569,0.399633198941714,0.957877687117971,
Spain,ESP,"Revenue, excluding grants (% of GDP)",GC.REV.XGRT.GD.ZS,31.0764922440932,31.0671563807601,27.4277416223065,26.6237763095053,25.6395505019648,26.4841669067786,27.2502478319147,27.7118123439816,24.4360114286975,22.5290536801328,25.2748876662125,,
Spain,ESP,Cash surplus/deficit (% of GDP),GC.BAL.CASH.GD.ZS,-0.468799362445567,0.159024804636117,0.31621182078222,0.684091832017592,-0.293951935946292,1.61179283359251,2.32784433416164,2.45185683860302,-2.32793522267206,-8.57727611014637,-5.23747643922153,,
Spain,ESP,Military expenditure (% of GDP),MS.MIL.XPND.GD.ZS,1.20636855916826,1.17166889330788,1.1537754813797,1.09656459987588,1.0854707153504,1.04564180279732,1.16747349441478,1.16022146661337,1.1726970100639,1.16392815253605,1.05883718143097,1.01529463388185,
Spain,ESP,Military expenditure (current LCU),MS.MIL.XPND.CN,7599000000,7972000000,8414000000,8587000000,9132000000,9508000000,11506000000,12219000000,12756000000,12196000000,11132000000,10898000000,
Spain,ESP,Military expenditure (% of central government expenditure),MS.MIL.XPND.ZS,3.85485572825778,3.8414833946917,4.31522586468633,4.2925985543036,4.16957742620369,4.18673876476235,4.68159384142149,4.60880421540191,4.41316892929796,3.77289615254924,3.43176696538946,,
Denmark,DNK,"Population, total",SP.POP.TOTL,5339616,5358783,5375931,5390574,5404523,5419432,5437272,5461438,5493621,5523095,5547683,5574000,
Denmark,DNK,Population growth (annual %),SP.POP.GROW,0.334233618829261,0.358315678955486,0.319487125340996,0.272010444031566,0.258432282052875,0.275481733409308,0.328645158919929,0.443466054321374,0.587547590258978,0.535079062079429,0.444197154509531,0.473256594687417,
Denmark,DNK,"GNI, Atlas method (current US$)",NY.GNP.ATLS.CD,169965796004.869,164059544078.44,161607269674.359,182975333491.1,224620819272.778,263350622104.774,284096258059.706,298718476315.745,324324328402.063,322260480668.032,330591141115.876,335102508898.78,
Denmark,DNK,"GNI per capita, Atlas method (current US$)",NY.GNP.PCAP.CD,31830,30620,30060,33940,41560,48590,52250,54700,59040,58350,59590,60120,
Denmark,DNK,"GNI, PPP (current international $)",NY.GNP.MKTP.PP.CD,150622795464.853,155501332478.69,163392827214.927,163075196723.695,175260897757.598,182397082911.388,199389692929.505,208070868615.94,222270206816.281,214693623344.71,230426087370.975,233533586925.415,
Denmark,DNK,"GNI per capita, PPP (current international $)",NY.GNP.PCAP.PP.CD,28210,29020,30390,30250,32430,33660,36670,38100,40460,38870,41540,41900,
Denmark,DNK,GDP (current US$),NY.GDP.MKTP.CD,160082517845.876,160476161868.602,173880831443.88,212621855882.933,244727978020.584,257675536234.494,274376889678.112,311417601998.641,343881383958.432,310544743670.337,313365836298.932,333616014897.579,
Denmark,DNK,GDP growth (annual %),NY.GDP.MKTP.KD.ZG,3.52865588902034,0.704834102591832,0.465848280239427,0.383831163305246,2.29648704351877,2.44514792409049,3.39471039445218,1.58326208570496,-0.783852225186536,-5.66631559075147,1.57724200220666,1.10440485209686,
Denmark,DNK,"Inflation, GDP deflator (annual %)",NY.GDP.DEFL.KD.ZG,2.99856282883759,2.49621092437624,2.30312422992853,1.64607467086083,2.32573035496659,2.87788675333178,2.12459801942025,2.27883764727193,4.23171198727266,0.663746501929509,4.14348040507704,0.615093760308397,
Denmark,DNK,"Revenue, excluding grants (% of GDP)",GC.REV.XGRT.GD.ZS,35.2895716492666,34.190044855875,33.3739092047493,33.4790949311375,34.8993302323044,36.5606497818809,35.596224456213,39.812206240444,38.9996988281678,38.67580896089,38.0638754062765,,
Denmark,DNK,Cash surplus/deficit (% of GDP),GC.BAL.CASH.GD.ZS,1.58497576824067,0.834973656251708,0.295103869131523,-0.0703225341242774,1.91102047497579,5.37567537309328,5.51830989195659,5.06452092417464,3.66699521775636,-2.04163888538494,-2.50727379684246,,
Denmark,DNK,Military expenditure (% of GDP),MS.MIL.XPND.GD.ZS,1.494555872154,1.57358692014366,1.54938637189789,1.5046166565169,1.46237160512352,1.34605441036669,1.42021096319758,1.3408531060649,1.3923493228197,1.39413936237251,1.44348040176719,1.46047220311261,
Denmark,DNK,Military expenditure (current LCU),MS.MIL.XPND.CN,19339000000,21017000000,21269000000,21075000000,21441000000,20800000000,23173000000,22731000000,24410000000,23252000000,25328000000,26091000000,
Denmark,DNK,Military expenditure (% of central government expenditure),MS.MIL.XPND.ZS,4.29942819539177,4.56385311936766,4.50211886829995,4.3049563682714,4.24140877835716,4.11485184555062,4.43145331704024,3.7468043126738,3.81611962698642,3.32723273887119,3.41461375956686,,
Netherlands,NLD,"Population, total",SP.POP.TOTL,15925513,16046180,16148929,16225302,16281779,16319868,16346101,16381696,16445593,16530388,16615394,16696000,
Netherlands,NLD,Population growth (annual %),SP.POP.GROW,0.714770362784392,0.754840057734904,0.638291666268526,0.471814398788212,0.347475412048658,0.23366314793854,0.160613668857538,0.217521601194242,0.389292461499527,0.514284544827762,0.512923100553586,0.483955473761595,
Netherlands,NLD,"GNI, Atlas method (current US$)",NY.GNP.ATLS.CD,423282419018.172,410090671372.007,408432565945.255,467237511949.683,576906888877.211,650798251403.276,709282052159.926,758663658773.899,802801292540.793,803174433064.225,807199006863.166,829013187129.226,
Netherlands,NLD,"GNI per capita, Atlas method (current US$)",NY.GNP.PCAP.CD,26580,25560,25290,28800,35430,39880,43390,46310,48820,48590,48580,49650,
Netherlands,NLD,"GNI, PPP (current international $)",NY.GNP.MKTP.PP.CD,478368987481.723,497754477514.537,520508143708.18,520395663306.181,554770504661.132,575665753340.089,638283010061.954,677894196163.138,690770071824.713,661138378869.383,681333899439.759,720294528359.096,
Netherlands,NLD,"GNI per capita, PPP (current international $)",NY.GNP.PCAP.PP.CD,30040,31020,32230,32070,34070,35270,39050,41380,42000,40000,41010,43140,
Netherlands,NLD,GDP (current US$),NY.GDP.MKTP.CD,385074626865.672,400654138702.461,437807265198.57,538312641083.521,609889925685.869,638470626274.685,677691901432.745,782566743038.276,870811147324.862,796333367137.001,774657894736.842,836073611111.111,
Netherlands,NLD,GDP growth (annual %),NY.GDP.MKTP.KD.ZG,3.94103684872695,1.92585660063433,0.0763132925921042,0.335603995441019,2.23651456498104,2.04646688305363,3.39418823662318,3.92063040541942,1.80405876967977,-3.66757657181218,1.62920517560075,0.992517469544254,
Netherlands,NLD,"Inflation, GDP deflator (annual %)",NY.GDP.DEFL.KD.ZG,4.12218618106503,5.09887676852485,3.8255672714081,2.17871933984857,0.732561137833798,2.42821427408057,1.76759922612194,1.84845093324428,2.12903830276264,0.0972703551563399,1.05837608046684,1.24282872750099,
Netherlands,NLD,"Revenue, excluding grants (% of GDP)",GC.REV.XGRT.GD.ZS,40.6883433821418,39.774552130632,38.9139191855791,38.646804138842,38.9414150298055,39.2637809768858,41.1320656922416,40.551057849881,41.9167307281477,40.8326428079235,41.2701701939736,,
Netherlands,NLD,Cash surplus/deficit (% of GDP),GC.BAL.CASH.GD.ZS,1.95736434108527,-0.170191476578571,-1.62290902681347,-2.82904737443521,-1.57028730577543,-0.111996914728471,0.564218756941668,0.365004993240324,0.946203495149551,-4.88229085802507,-4.18741719604579,,
Netherlands,NLD,Military expenditure (% of GDP),MS.MIL.XPND.GD.ZS,1.55086611158963,1.5475810252138,1.53671213678006,1.55238025348835,1.5375093651259,1.49842133044544,1.50773024123684,1.46701575625292,1.42107148924861,1.52903378301482,1.44694041950056,1.40490446018552,
Netherlands,NLD,Military expenditure (current LCU),MS.MIL.XPND.CN,6482000000,6929000000,7149000000,7404000000,7552000000,7693000000,8145000000,8388000000,8448000000,8733000000,8514000000,8459000000,
Netherlands,NLD,Military expenditure (% of central government expenditure),MS.MIL.XPND.ZS,3.95007861156138,3.89999268294056,3.83423079398451,3.77547065902462,3.80875529554166,3.81585865500035,3.72896875357674,3.66529895258446,3.48615524285066,3.34805511466887,3.18964806725459,,
