Movie Title,Time,Genre,Directors,Writers,Actors,Rating,Number of Ratings
The Shawshank Redemption,142,Crime;Drama,Frank Darabont,Stephen King;Frank Darabont,Tim Robbins;Morgan Freeman;Bob Gunton,9.3,"916,290"
The Godfather,175,Crime;Drama,Francis Ford Coppola,Mario Puzo;Francis Ford Coppola,Marlon Brando;Al Pacino;James Caan,9.2,"658,984"
The Godfather: Part II,200,Crime;Drama,Francis Ford Coppola,Francis Ford Coppola;Mario Puzo,Al Pacino;Robert De Niro;Robert Duvall,9.1,"424,192"
Pulp Fiction,154,Crime;Thriller,Quentin Tarantino,Quentin Tarantino;Roger Avary,John Travolta;Uma Thurman;Samuel L. Jackson,9.0,"713,758"
"The Good, the Bad and the Ugly",161,Adventure;Western,Sergio Leone,Luciano Vincenzoni;Sergio Leone,Clint Eastwood;Eli Wallach;Lee Van Cleef,9.0,"279,900"
12 Angry Men,96,Drama,Sidney Lumet,Reginald Rose,Henry Fonda;Lee J. Cobb;Martin Balsam,8.9,"225,440"
The Dark Knight,152,Action;Crime;Drama,Christopher Nolan,Jonathan Nolan;Christopher Nolan,Christian Bale;Heath Ledger;Aaron Eckhart,9.0,"895,332"
Schindler's List,195,Biography;Drama;History,Steven Spielberg,Thomas Keneally;Steven Zaillian,Liam Neeson;Ralph Fiennes;Ben Kingsley,8.9,"471,389"
The Lord of the Rings: The Return of the King,201,Action;Adventure;Fantasy,Peter Jackson,J.R.R. Tolkien;Fran Walsh,Elijah Wood;Viggo Mortensen;Ian McKellen,8.9,"655,989"
Fight Club,139,Drama,David Fincher,Chuck Palahniuk;Jim Uhls,Brad Pitt;Edward Norton;Helena Bonham Carter,8.9,"698,656"
Star Wars: Episode V - The Empire Strikes Back,124,Action;Adventure;Sci-Fi,Irvin Kershner,Leigh Brackett;Lawrence Kasdan,Mark Hamill;Harrison Ford;Carrie Fisher,8.8,"452,974"
The Lord of the Rings: The Fellowship of the Ring,178,Action;Adventure;Drama,Peter Jackson,J.R.R. Tolkien;Fran Walsh,Elijah Wood;Ian McKellen;Orlando Bloom,8.8,"681,258"
One Flew Over the Cuckoo's Nest,133,Drama,Milos Forman,Lawrence Hauben;Bo Goldman,Jack Nicholson;Louise Fletcher;Michael Berryman,8.8,"382,835"
Inception,148,Action;Adventure;Mystery,Christopher Nolan,Christopher Nolan,Leonardo DiCaprio;Joseph Gordon-Levitt;Ellen Page,8.8,"710,849"
Goodfellas,146,Biography;Crime;Drama,Martin Scorsese,Nicholas Pileggi;Nicholas Pileggi,Robert De Niro;Ray Liotta;Joe Pesci,8.8,"401,216"
Star Wars,121,Action;Adventure;Fantasy,George Lucas,George Lucas,Mark Hamill;Harrison Ford;Carrie Fisher,8.8,"508,019"
Seven Samurai,141,Action;Adventure;Drama,Akira Kurosawa,Akira Kurosawa;Shinobu Hashimoto,Toshir Mifune;Takashi Shimura;Keiko Tsushima,8.8,"144,236"
Forrest Gump,142,Drama;Romance,Robert Zemeckis,Winston Groom;Eric Roth,Tom Hanks;Robin Wright;Gary Sinise,8.7,"598,643"
The Matrix,136,Action;Adventure;Sci-Fi,Andy Wachowski;Lana Wachowski,Andy Wachowski;Lana Wachowski,Keanu Reeves;Laurence Fishburne;Carrie-Anne Moss,8.7,"664,347"
The Lord of the Rings: The Two Towers,179,Action;Adventure;Drama,Peter Jackson,J.R.R. Tolkien;Fran Walsh,Elijah Wood;Ian McKellen;Viggo Mortensen,8.7,"588,826"
City of God,130,Crime;Drama,Fernando Meirelles;Ktia Lund,Paulo Lins;Brulio Mantovani,Alexandre Rodrigues;Matheus Nachtergaele;Leandro Firmino,8.7,"300,451"
Once Upon a Time in the West,175,Adventure;Western,Sergio Leone,Sergio Leone;Sergio Donati,Henry Fonda;Charles Bronson;Claudia Cardinale,8.7,"127,030"
Se7en,127,Crime;Mystery;Thriller,David Fincher,Andrew Kevin Walker,Morgan Freeman;Brad Pitt;Kevin Spacey,8.7,"533,152"
The Silence of the Lambs,118,Crime;Drama;Thriller,Jonathan Demme,Thomas Harris;Ted Tally,Jodie Foster;Anthony Hopkins;Lawrence A. Bonney,8.7,"446,825"
Casablanca,102,Drama;Romance;War,Michael Curtiz,Julius J. Epstein;Philip G. Epstein,Humphrey Bogart;Ingrid Bergman;Paul Henreid,8.7,"247,726"
The Usual Suspects,106,Crime;Drama;Mystery,Bryan Singer,Christopher McQuarrie,Kevin Spacey;Gabriel Byrne;Chazz Palminteri,8.7,"422,407"
Raiders of the Lost Ark,115,Action;Adventure,Steven Spielberg,Lawrence Kasdan;George Lucas,Harrison Ford;Karen Allen;Paul Freeman,8.7,"387,041"
Rear Window,112,Mystery;Thriller,Alfred Hitchcock,John Michael Hayes;Cornell Woolrich,James Stewart;Grace Kelly;Wendell Corey,8.7,"186,287"
Psycho,109,Horror;Mystery;Thriller,Alfred Hitchcock,Joseph Stefano;Robert Bloch,Anthony Perkins;Janet Leigh;Vera Miles,8.6,"233,653"
It's a Wonderful Life,130,Drama;Family;Fantasy,Frank Capra,Frances Goodrich;Albert Hackett,James Stewart;Donna Reed;Lionel Barrymore,8.7,"160,545"
Lon: The Professional,110,Crime;Drama;Thriller,Luc Besson,Luc Besson,Jean Reno;Gary Oldman;Natalie Portman,8.6,"390,021"
Sunset Blvd.,110,Drama;Film-Noir,Billy Wilder,Charles Brackett;Billy Wilder,William Holden;Gloria Swanson;Erich von Stroheim,8.6,"84,306"
Memento,113,Mystery;Thriller,Christopher Nolan,Christopher Nolan;Jonathan Nolan,Guy Pearce;Carrie-Anne Moss;Joe Pantoliano,8.6,"483,777"
American History X,119,Crime;Drama,Tony Kaye,David McKenna,Edward Norton;Edward Furlong;Beverly D'Angelo,8.6,"422,306"
Apocalypse Now,153,Drama;War,Francis Ford Coppola,John Milius;Francis Ford Coppola,Martin Sheen;Marlon Brando;Robert Duvall,8.6,"270,958"
Terminator 2: Judgment Day,137,Action;Sci-Fi;Thriller,James Cameron,James Cameron;William Wisher Jr.,Arnold Schwarzenegger;Linda Hamilton;Edward Furlong,8.6,"416,848"
Saving Private Ryan,169,Action;Drama;War,Steven Spielberg,Robert Rodat,Tom Hanks;Matt Damon;Tom Sizemore,8.6,"470,441"
Dr. Strangelove or: How I Learned to Stop Worrying and Love the Bomb,95,Comedy;War,Stanley Kubrick,Stanley Kubrick;Terry Southern,Peter Sellers;George C. Scott;Sterling Hayden,8.6,"223,358"
Django Unchained,165,Adventure;Drama;Western,Quentin Tarantino,Quentin Tarantino,Jamie Foxx;Christoph Waltz;Leonardo DiCaprio,8.6,"199,116"
Alien,117,Horror;Sci-Fi,Ridley Scott,Dan O'Bannon;Ronald Shusett,Sigourney Weaver;Tom Skerritt;John Hurt,8.5,"312,792"
City Lights,87,Comedy;Drama;Romance,Charles Chaplin,Charles Chaplin,Charles Chaplin;Virginia Cherrill;Florence Lee,8.6,"53,422"
North by Northwest,136,Action;Adventure;Crime,Alfred Hitchcock,Ernest Lehman,Cary Grant;Eva Marie Saint;James Mason,8.5,"136,845"
Spirited Away,125,Animation;Adventure;Family,Hayao Miyazaki,Hayao Miyazaki,Daveigh Chase;Suzanne Pleshette;Miyu Irino,8.6,"204,929"
The Dark Knight Rises,165,Action;Crime;Thriller,Christopher Nolan,Jonathan Nolan;Christopher Nolan,Christian Bale;Tom Hardy;Anne Hathaway,8.6,"543,006"
Modern Times,87,Comedy;Drama,Charles Chaplin,Charles Chaplin,Charles Chaplin;Paulette Goddard;Henry Bergman,8.6,"67,484"
Citizen Kane,119,Drama;Mystery,Orson Welles,Herman J. Mankiewicz;Orson Welles,Orson Welles;Joseph Cotten;Dorothy Comingore,8.5,"194,712"
The Shining,146,Horror;Mystery,Stanley Kubrick,Stephen King;Stanley Kubrick,Jack Nicholson;Shelley Duvall;Danny Lloyd,8.5,"324,612"
Back to the Future,116,Adventure;Comedy;Sci-Fi,Robert Zemeckis,Robert Zemeckis;Bob Gale,Michael J. Fox;Christopher Lloyd;Lea Thompson,8.5,"368,306"
The Pianist,150,Biography;Drama;War,Roman Polanski,Ronald Harwood;Wladyslaw Szpilman,Adrien Brody;Thomas Kretschmann;Frank Finlay,8.5,"252,353"
The Departed,151,Crime;Thriller,Martin Scorsese,William Monahan;Alan Mak,Leonardo DiCaprio;Matt Damon;Jack Nicholson,8.5,"466,092"
Vertigo,128,Mystery;Romance;Thriller,Alfred Hitchcock,Alec Coppel;Samuel A. Taylor,James Stewart;Kim Novak;Barbara Bel Geddes,8.5,"142,126"
M,99,Crime;Drama;Film-Noir,Fritz Lang,Thea von Harbou;Fritz Lang,Peter Lorre;Ellen Widmann;Inge Landgut,8.5,"61,007"
La vita  bella,116,Comedy;Drama;Romance,Roberto Benigni;Rod Dean,Vincenzo Cerami;Roberto Benigni,Roberto Benigni;Nicoletta Braschi;Giorgio Cantarini,8.5,"200,219"
American Beauty,122,Drama,Sam Mendes,Alan Ball,Kevin Spacey;Annette Bening;Thora Birch,8.5,"483,976"
Taxi Driver,113,Crime;Drama,Martin Scorsese,Paul Schrader,Robert De Niro;Jodie Foster;Cybill Shepherd,8.5,"278,453"
Paths of Glory,88,Drama;War,Stanley Kubrick,Stanley Kubrick;Calder Willingham,Kirk Douglas;Ralph Meeker;Adolphe Menjou,8.5,"69,227"
Double Indemnity,107,Crime;Drama;Film-Noir,Billy Wilder,Billy Wilder;Raymond Chandler,Fred MacMurray;Barbara Stanwyck;Edward G. Robinson,8.5,"58,089"
Aliens,137,Action;Adventure;Sci-Fi,James Cameron,James Cameron;David Giler,Sigourney Weaver;Michael Biehn;Carrie Henn,8.5,"283,800"
Toy Story 3,103,Animation;Adventure;Comedy,Lee Unkrich,John Lasseter;Andrew Stanton,Tom Hanks;Tim Allen;Joan Cusack,8.5,"269,582"
WALLE,98,Animation;Adventure;Family,Andrew Stanton,Andrew Stanton;Pete Docter,Ben Burtt;Elissa Knight;Jeff Garlin,8.5,"366,230"
The Lives of Others,137,Drama;Thriller,Florian Henckel von Donnersmarck,Florian Henckel von Donnersmarck,Ulrich Mhe;Martina Gedeck;Sebastian Koch,8.5,"143,494"
The Intouchables,112,Biography;Comedy;Drama,Olivier Nakache;Eric Toledano,Olivier Nakache;Eric Toledano,Franois Cluzet;Omar Sy;Anne Le Ny,8.6,"147,499"
Gladiator,155,Action;Adventure;Drama,Ridley Scott,David Franzoni;David Franzoni,Russell Crowe;Joaquin Phoenix;Connie Nielsen,8.5,"515,043"
A Clockwork Orange,136,Crime;Drama;Sci-Fi,Stanley Kubrick,Stanley Kubrick;Anthony Burgess,Malcolm McDowell;Patrick Magee;Michael Bates,8.5,"311,769"
The Green Mile,189,Crime;Drama;Fantasy,Frank Darabont,Stephen King;Frank Darabont,Tom Hanks;Michael Clarke Duncan;David Morse,8.5,"379,710"
Amlie,122,Comedy;Romance,Jean-Pierre Jeunet,Guillaume Laurant;Jean-Pierre Jeunet,Audrey Tautou;Mathieu Kassovitz;Rufus,8.5,"307,235"
The Great Dictator,125,Comedy;Drama;War,Charles Chaplin,Charles Chaplin,Charles Chaplin;Paulette Goddard;Jack Oakie,8.5,"66,493"
The Prestige,130,Drama;Mystery;Thriller,Christopher Nolan,Jonathan Nolan;Christopher Nolan,Christian Bale;Hugh Jackman;Scarlett Johansson,8.5,"420,625"
Lawrence of Arabia,216,Adventure;Biography;Drama,David Lean,T.E. Lawrence;Robert Bolt,Peter O'Toole;Alec Guinness;Anthony Quinn,8.5,"115,913"
To Kill a Mockingbird,129,Crime;Drama;Mystery,Robert Mulligan,Harper Lee;Horton Foote,Gregory Peck;John Megna;Frank Overton,8.5,"126,274"
Reservoir Dogs,99,Crime;Thriller,Quentin Tarantino,Quentin Tarantino;Roger Avary,Harvey Keitel;Tim Roth;Michael Madsen,8.4,"360,040"
Das Boot,149,Action;Adventure;Drama,Wolfgang Petersen,Lothar G. Buchheim;Wolfgang Petersen,Jrgen Prochnow;Herbert Grnemeyer;Klaus Wennemann,8.4,"104,550"
The Third Man,93,Film-Noir;Mystery;Thriller,Carol Reed,Graham Greene;Graham Greene,Orson Welles;Joseph Cotten;Alida Valli,8.4,"72,435"
Requiem for a Dream,102,Drama,Darren Aronofsky,Hubert Selby Jr.;Hubert Selby Jr.,Ellen Burstyn;Jared Leto;Jennifer Connelly,8.4,"328,811"
The Treasure of the Sierra Madre,126,Action;Adventure;Drama,John Huston,John Huston;B. Traven,Humphrey Bogart;Walter Huston;Tim Holt,8.4,"49,004"
Eternal Sunshine of the Spotless Mind,108,Drama;Romance;Sci-Fi,Michel Gondry,Charlie Kaufman;Michel Gondry,Jim Carrey;Kate Winslet;Tom Wilkinson,8.4,"379,919"
Cinema Paradiso,155,Drama,Giuseppe Tornatore,Giuseppe Tornatore;Giuseppe Tornatore,Philippe Noiret;Enzo Cannavale;Antonella Attili,8.4,"79,273"
Once Upon a Time in America,229,Crime;Drama,Sergio Leone,Harry Grey;Leonardo Benvenuti,Robert De Niro;James Woods;Elizabeth McGovern,8.4,"126,242"
The Lion King,89,Animation;Adventure;Drama,Roger Allers;Rob Minkoff,Irene Mecchi;Jonathan Roberts,Matthew Broderick;Jeremy Irons;James Earl Jones,8.4,"304,058"
Star Wars: Episode VI - Return of the Jedi,134,Action;Adventure;Fantasy,Richard Marquand,Lawrence Kasdan;George Lucas,Mark Hamill;Harrison Ford;Carrie Fisher,8.4,"353,664"
Chinatown,130,Crime;Drama;Mystery,Roman Polanski,Robert Towne,Jack Nicholson;Faye Dunaway;John Huston,8.4,"128,280"
L.A. Confidential,138,Crime;Drama;Mystery,Curtis Hanson,James Ellroy;Brian Helgeland,Kevin Spacey;Russell Crowe;Guy Pearce,8.4,"258,807"
Full Metal Jacket,116,Drama;War,Stanley Kubrick,Gustav Hasford;Stanley Kubrick,Matthew Modine;R. Lee Ermey;Vincent D'Onofrio,8.4,"264,898"
Braveheart,177,Action;Biography;Drama,Mel Gibson,Randall Wallace,Mel Gibson;Sophie Marceau;Patrick McGoohan,8.4,"416,728"
Monty Python and the Holy Grail,91,Adventure;Comedy;Fantasy,Terry Gilliam;Terry Jones,Graham Chapman;John Cleese,Graham Chapman;John Cleese;Eric Idle,8.4,"235,442"
Oldeuboi,120,Drama;Mystery;Thriller,Chan-wook Park,Garon Tsuchiya;Nobuaki Minegishi,Min-sik Choi;Ji-tae Yu;Hye-jeong Kang,8.4,"184,206"
Singin' in the Rain,103,Comedy;Musical;Romance,Stanley Donen;Gene Kelly,Adolph Green;Betty Comden,Gene Kelly;Donald O'Connor;Debbie Reynolds,8.4,"87,154"
Some Like It Hot,120,Comedy,Billy Wilder,Billy Wilder;I.A.L. Diamond,Marilyn Monroe;Tony Curtis;Jack Lemmon,8.4,"105,636"
Amadeus,160,Biography;Drama;Music,Milos Forman,Peter Shaffer;Peter Shaffer,F. Murray Abraham;Tom Hulce;Elizabeth Berridge,8.4,"159,243"
Metropolis,153,Drama;Sci-Fi,Fritz Lang,Thea von Harbou;Thea von Harbou,Brigitte Helm;Alfred Abel;Gustav Frhlich,8.4,"65,429"
Bicycle Thieves,93,Crime;Drama,Vittorio De Sica,Luigi Bartolini;Cesare Zavattini,Lamberto Maggiorani;Enzo Staiola;Lianella Carell,8.4,"49,037"
Rashomon,88,Crime;Drama,Akira Kurosawa,Rynosuke Akutagawa;Akira Kurosawa,Toshir Mifune;Machiko Ky;Masayuki Mori,8.4,"60,877"
Princess Mononoke,134,Animation;Adventure;Fantasy,Hayao Miyazaki,Hayao Miyazaki,Yji Matsuda;Yuriko Ishida;Yko Tanaka,8.4,"116,271"
2001: A Space Odyssey,141,Adventure;Mystery;Sci-Fi,Stanley Kubrick,Stanley Kubrick;Arthur C. Clarke,Keir Dullea;Gary Lockwood;William Sylvester,8.4,"241,813"
Unforgiven,131,Western,Clint Eastwood,David Webb Peoples,Clint Eastwood;Gene Hackman;Morgan Freeman,8.3,"166,002"
All About Eve,138,Drama,Joseph L. Mankiewicz,Joseph L. Mankiewicz,Bette Davis;Anne Baxter;George Sanders,8.4,"50,916"
The Apartment,125,Comedy;Drama;Romance,Billy Wilder,Billy Wilder;I.A.L. Diamond,Jack Lemmon;Shirley MacLaine;Fred MacMurray,8.4,"61,286"
The Sting,129,Comedy;Crime;Drama,George Roy Hill,David S. Ward,Paul Newman;Robert Redford;Robert Shaw,8.4,"103,017"
Indiana Jones and the Last Crusade,127,Action;Adventure;Comedy,Steven Spielberg,Jeffrey Boam;George Lucas,Harrison Ford;Sean Connery;Alison Doody,8.3,"292,365"
Raging Bull,129,Biography;Drama;Sport,Martin Scorsese,Jake LaMotta;Joseph Carter,Robert De Niro;Cathy Moriarty;Joe Pesci,8.3,"141,610"
The Bridge on the River Kwai,161,Adventure;Drama;History,David Lean,Pierre Boulle,William Holden;Alec Guinness;Jack Hawkins,8.3,"90,492"
Witness for the Prosecution,116,Drama;Mystery,Billy Wilder,Agatha Christie;Billy Wilder,Tyrone Power;Marlene Dietrich;Charles Laughton,8.4,"30,838"
Die Hard,131,Action;Thriller,John McTiernan,Roderick Thorp;Jeb Stuart,Bruce Willis;Alan Rickman;Bonnie Bedelia,8.3,"339,595"
Grave of the Fireflies,89,Animation;Drama;War,Isao Takahata,Akiyuki Nosaka;Isao Takahata,Tsutomu Tatsumi;Ayano Shiraishi;Akemi Yamaguchi,8.4,"63,688"
Batman Begins,140,Action;Adventure;Crime,Christopher Nolan,Bob Kane;David S. Goyer,Christian Bale;Michael Caine;Ken Watanabe,8.3,"522,857"
Jodaeiye Nader az Simin,123,Drama,Asghar Farhadi,Asghar Farhadi,Payman Maadi;Leila Hatami;Sareh Bayat,8.5,"76,134"
El laberinto del fauno,118,Drama;Fantasy;War,Guillermo del Toro,Guillermo del Toro,Ivana Baquero;Ariadna Gil;Sergi Lpez,8.3,"271,754"
Downfall,156,Biography;Drama;History,Oliver Hirschbiegel,Bernd Eichinger;Joachim Fest,Bruno Ganz;Alexandra Maria Lara;Ulrich Matthes,8.3,"145,819"
Yojimbo,110,Action;Adventure,Akira Kurosawa,Akira Kurosawa;Akira Kurosawa,Toshir Mifune;Eijir Tno;Tatsuya Nakadai,8.4,"44,215"
For a Few Dollars More,132,Western,Sergio Leone,Sergio Leone;Fulvio Morsella,Clint Eastwood;Lee Van Cleef;Gian Maria Volont,8.3,"81,736"
Snatch.,102,Crime;Thriller,Guy Ritchie,Guy Ritchie,Jason Statham;Brad Pitt;Benicio Del Toro,8.3,"335,249"
Mr. Smith Goes to Washington,129,Drama,Frank Capra,Sidney Buchman;Lewis R. Foster,James Stewart;Jean Arthur;Claude Rains,8.3,"48,637"
The Great Escape,172,Adventure;Drama;History,John Sturges,Paul Brickhill;James Clavell,Steve McQueen;James Garner;Richard Attenborough,8.3,"97,077"
Inglourious Basterds,153,Adventure;Drama;War,Quentin Tarantino,Quentin Tarantino,Brad Pitt;Diane Kruger;Eli Roth,8.3,"420,527"
Up,96,Animation;Adventure;Comedy,Pete Docter;Bob Peterson,Pete Docter;Bob Peterson,Edward Asner;Jordan Nagai;John Ratzenberger,8.3,"307,959"
On the Waterfront,108,Crime;Drama,Elia Kazan,Budd Schulberg;Budd Schulberg,Marlon Brando;Karl Malden;Lee J. Cobb,8.3,"60,880"
The Elephant Man,124,Biography;Drama,David Lynch,Christopher De Vore;Eric Bergren,Anthony Hopkins;John Hurt;Anne Bancroft,8.3,"96,964"
Toy Story,81,Animation;Adventure;Comedy,John Lasseter,John Lasseter;Pete Docter,Tom Hanks;Tim Allen;Don Rickles,8.3,"310,844"
The Seventh Seal,96,Drama;Fantasy,Ingmar Bergman,Ingmar Bergman;Ingmar Bergman,Max von Sydow;Gunnar Bjrnstrand;Bengt Ekerot,8.3,"64,754"
Heat,170,Action;Crime;Drama,Michael Mann,Michael Mann,Al Pacino;Robert De Niro;Val Kilmer,8.3,"254,877"
The General,107,Action;Adventure;Comedy,Clyde Bruckman;Buster Keaton,Buster Keaton;Clyde Bruckman,Buster Keaton;Marion Mack;Glen Cavender,8.3,"30,539"
The Maltese Falcon,100,Crime;Drama;Film-Noir,John Huston,John Huston;Dashiell Hammett,Humphrey Bogart;Mary Astor;Gladys George,8.3,"72,491"
Blade Runner,117,Drama;Sci-Fi;Thriller,Ridley Scott,Hampton Fancher;David Webb Peoples,Harrison Ford;Rutger Hauer;Sean Young,8.3,"288,587"
Rebecca,130,Drama;Mystery,Alfred Hitchcock,Daphne Du Maurier;Robert E. Sherwood,Laurence Olivier;Joan Fontaine;George Sanders,8.3,"53,563"
Gran Torino,116,Drama,Clint Eastwood,Nick Schenk;Dave Johannson,Clint Eastwood;Bee Vang;Christopher Carley,8.3,"305,318"
Wild Strawberries,91,Drama,Ingmar Bergman,Ingmar Bergman,Victor Sjstrm;Bibi Andersson;Ingrid Thulin,8.3,"36,101"
Scarface,170,Crime;Drama;Thriller,Brian De Palma,Oliver Stone,Al Pacino;Michelle Pfeiffer;Steven Bauer,8.3,"293,734"
Fargo,98,Crime;Drama,Joel Coen,Ethan Coen;Joel Coen,William H. Macy;Frances McDormand;Steve Buscemi,8.2,"251,862"
The Kid,68,Comedy;Drama;Family,Charles Chaplin,Charles Chaplin,Charles Chaplin;Edna Purviance;Jackie Coogan,8.3,"29,346"
The Big Lebowski,117,Comedy;Crime,Joel Coen,Ethan Coen;Joel Coen,Jeff Bridges;John Goodman;Julianne Moore,8.2,"300,918"
Touch of Evil,95,Crime;Film-Noir;Thriller,Orson Welles,Orson Welles;Whit Masterson,Charlton Heston;Orson Welles;Janet Leigh,8.3,"46,912"
Ran,162,Action;Drama;War,Akira Kurosawa,Akira Kurosawa;Hideo Oguni,Tatsuya Nakadai;Akira Terao;Jinpachi Nezu,8.3,"49,271"
The Deer Hunter,182,Drama;War,Michael Cimino,Michael Cimino;Deric Washburn,Robert De Niro;Christopher Walken;John Cazale,8.2,"142,461"
Cool Hand Luke,126,Crime;Drama,Stuart Rosenberg,Donn Pearce;Frank Pierson,Paul Newman;George Kennedy;Strother Martin,8.2,"74,241"
The Gold Rush,95,Adventure;Comedy;Family,Charles Chaplin,Charles Chaplin,Charles Chaplin;Mack Swain;Tom Murray,8.2,"35,921"
The Avengers,143,Action,Joss Whedon,Zak Penn;Joss Whedon,Robert Downey Jr.;Chris Evans;Scarlett Johansson,8.3,"456,218"
Sin City,124,Crime;Drama;Thriller,Frank Miller;Robert Rodriguez,Frank Miller,Mickey Rourke;Clive Owen;Bruce Willis,8.2,"407,764"
Strangers on a Train,101,Crime;Film-Noir;Mystery,Alfred Hitchcock,Raymond Chandler;Czenzi Ormonde,Farley Granger;Robert Walker;Ruth Roman,8.2,"55,622"
It Happened One Night,105,Comedy;Romance,Frank Capra,Robert Riskin;Samuel Hopkins Adams,Clark Gable;Claudette Colbert;Walter Connolly,8.2,"38,038"
"Lock, Stock and Two Smoking Barrels",107,Crime;Thriller,Guy Ritchie,Guy Ritchie,Jason Flemyng;Dexter Fletcher;Nick Moran,8.2,"238,617"
No Country for Old Men,122,Crime;Drama;Thriller,Ethan Coen;Joel Coen,Joel Coen;Ethan Coen,Tommy Lee Jones;Javier Bardem;Josh Brolin,8.2,"345,501"
Jaws,124,Adventure;Horror;Thriller,Steven Spielberg,Peter Benchley;Carl Gottlieb,Roy Scheider;Robert Shaw;Richard Dreyfuss,8.2,"230,947"
The Sixth Sense,107,Drama;Mystery;Thriller,M. Night Shyamalan,M. Night Shyamalan,Bruce Willis;Haley Joel Osment;Toni Collette,8.2,"412,620"
Platoon,120,Action;Drama;War,Oliver Stone,Oliver Stone,Charlie Sheen;Tom Berenger;Willem Dafoe,8.2,"177,539"
The Thing,109,Horror;Mystery;Sci-Fi,John Carpenter,Bill Lancaster;John W. Campbell Jr.,Kurt Russell;Wilford Brimley;Keith David,8.2,"152,354"
Casino,178,Biography;Crime;Drama,Martin Scorsese,Nicholas Pileggi;Nicholas Pileggi,Robert De Niro;Sharon Stone;Joe Pesci,8.2,"187,966"
Hotel Rwanda,121,Biography;Drama;History,Terry George,Keir Pearson;Terry George,Don Cheadle;Sophie Okonedo;Joaquin Phoenix,8.2,"157,485"
High Noon,85,Drama;Western,Fred Zinnemann,Carl Foreman;John W. Cunningham,Gary Cooper;Grace Kelly;Thomas Mitchell,8.2,"50,251"
Butch Cassidy and the Sundance Kid,110,Adventure;Biography;Crime,George Roy Hill,William Goldman,Paul Newman;Robert Redford;Katharine Ross,8.2,"90,275"
Trainspotting,94,Crime;Drama,Danny Boyle,Irvine Welsh;John Hodge,Ewan McGregor;Ewen Bremner;Jonny Lee Miller,8.2,"266,120"
The Wizard of Oz,101,Adventure;Family;Fantasy,Victor Fleming,Noel Langley;Florence Ryerson,Judy Garland;Frank Morgan;Ray Bolger,8.2,"165,330"
Kill Bill: Vol. 1,111,Action;Crime;Thriller,Quentin Tarantino,Quentin Tarantino;Quentin Tarantino,Uma Thurman;David Carradine;Daryl Hannah,8.2,"409,123"
Warrior,140,Drama;Sport,Gavin O'Connor,Gavin O'Connor;Anthony Tambakis,Tom Hardy;Nick Nolte;Joel Edgerton,8.2,"152,908"
The Hobbit: An Unexpected Journey,169,Adventure;Fantasy,Peter Jackson,Fran Walsh;Philippa Boyens,Martin Freeman;Ian McKellen;Richard Armitage,8.3,"223,419"
Annie Hall,93,Comedy;Drama;Romance,Woody Allen,Woody Allen;Marshall Brickman,Woody Allen;Diane Keaton;Tony Roberts,8.2,"109,851"
Good Will Hunting,126,Drama,Gus Van Sant,Matt Damon;Ben Affleck,Robin Williams;Matt Damon;Ben Affleck,8.2,"301,523"
The Secret in Their Eyes,129,Drama;Mystery;Thriller,Juan Jos Campanella,Eduardo Sacheri;Juan Jos Campanella,Ricardo Darn;Soledad Villamil;Pablo Rago,8.2,"61,403"
Gone with the Wind,238,Drama;Romance;War,Victor Fleming,Margaret Mitchell;Sidney Howard,Clark Gable;Vivien Leigh;Thomas Mitchell,8.2,"130,177"
Notorious,101,Drama;Romance;Thriller,Alfred Hitchcock,Ben Hecht,Cary Grant;Ingrid Bergman;Claude Rains,8.2,"46,300"
The Grapes of Wrath,129,Drama,John Ford,Nunnally Johnson;John Steinbeck,Henry Fonda;Jane Darwell;John Carradine,8.2,"36,805"
Into the Wild,148,Adventure;Biography;Drama,Sean Penn,Sean Penn;Jon Krakauer,Emile Hirsch;Vince Vaughn;Catherine Keener,8.2,"218,992"
The King's Speech,118,Biography;Drama;History,Tom Hooper,David Seidler,Colin Firth;Geoffrey Rush;Helena Bonham Carter,8.2,"237,192"
Life of Brian,94,Comedy,Terry Jones,Graham Chapman;John Cleese,Graham Chapman;John Cleese;Michael Palin,8.2,"159,962"
V for Vendetta,132,Action;Fantasy;Thriller,James McTeigue,Andy Wachowski;Lana Wachowski,Hugo Weaving;Natalie Portman;Rupert Graves,8.2,"434,292"
Finding Nemo,100,Animation;Adventure;Comedy,Andrew Stanton;Lee Unkrich,Andrew Stanton;Andrew Stanton,Albert Brooks;Ellen DeGeneres;Alexander Gould,8.1,"341,785"
My Neighbor Totoro,86,Animation;Family;Fantasy,Hayao Miyazaki,Hayao Miyazaki,Hitoshi Takagi;Noriko Hidaka;Toshiyuki Amagasa,8.2,"71,663"
How to Train Your Dragon,98,Animation;Adventure;Comedy,Dean DeBlois;Chris Sanders,William Davies;Dean DeBlois,Jay Baruchel;Gerard Butler;Christopher Mintz-Plasse,8.2,"199,242"
Dial M for Murder,105,Crime;Mystery;Thriller,Alfred Hitchcock,Frederick Knott;Frederick Knott,Ray Milland;Grace Kelly;Robert Cummings,8.2,"55,583"
The Big Sleep,114,Crime;Film-Noir;Mystery,Howard Hawks,William Faulkner;Leigh Brackett,Humphrey Bogart;Lauren Bacall;John Ridgely,8.2,"41,811"
Network,121,Drama,Sidney Lumet,Paddy Chayefsky,Faye Dunaway;William Holden;Peter Finch,8.2,"60,476"
Ben-Hur,212,Action;Adventure;Drama,William Wyler,Lew Wallace;Karl Tunberg,Charlton Heston;Jack Hawkins;Stephen Boyd,8.1,"93,154"
The Terminator,107,Action;Sci-Fi,James Cameron,James Cameron;Gale Anne Hurd,Arnold Schwarzenegger;Linda Hamilton;Michael Biehn,8.1,"326,587"
There Will Be Blood,158,Drama,Paul Thomas Anderson,Paul Thomas Anderson;Upton Sinclair,Daniel Day-Lewis;Paul Dano;Ciarn Hinds,8.1,"218,964"
Million Dollar Baby,132,Drama;Sport,Clint Eastwood,Paul Haggis;F.X. Toole,Hilary Swank;Clint Eastwood;Morgan Freeman,8.1,"260,902"
The Night of the Hunter,93,Drama;Film-Noir;Thriller,Charles Laughton,Davis Grubb;James Agee,Robert Mitchum;Shelley Winters;Lillian Gish,8.2,"39,254"
Stand by Me,89,Adventure;Drama,Rob Reiner,Stephen King;Raynold Gideon,Wil Wheaton;River Phoenix;Corey Feldman,8.1,"156,053"
Donnie Darko,113,Drama;Mystery;Sci-Fi,Richard Kelly,Richard Kelly,Jake Gyllenhaal;Jena Malone;Mary McDonnell,8.1,"350,871"
Groundhog Day,101,Comedy;Drama;Fantasy,Harold Ramis,Danny Rubin;Harold Ramis,Bill Murray;Andie MacDowell;Chris Elliott,8.1,"245,064"
Black Swan,108,Drama;Mystery;Thriller,Darren Aronofsky,Mark Heyman;Andres Heinz,Natalie Portman;Mila Kunis;Vincent Cassel,8.1,"314,450"
Dog Day Afternoon,125,Crime;Drama,Sidney Lumet,P.F. Kluge;Thomas Moore,Al Pacino;John Cazale;Penelope Allen,8.1,"108,985"
Twelve Monkeys,129,Mystery;Sci-Fi;Thriller,Terry Gilliam,Chris Marker;David Webb Peoples,Bruce Willis;Madeleine Stowe;Brad Pitt,8.1,"276,330"
Amores Perros,154,Crime;Drama;Thriller,Alejandro Gonzlez Irritu,Guillermo Arriaga,Emilio Echevarra;Gael Garca Bernal;Goya Toledo,8.1,"105,934"
The Bourne Ultimatum,115,Action;Crime;Thriller,Paul Greengrass,Tony Gilroy;Scott Z. Burns,Matt Damon;dgar Ramrez;Joan Allen,8.1,"279,753"
Mary and Max,92,Animation;Comedy;Drama,Adam Elliot,Adam Elliot,Toni Collette;Philip Seymour Hoffman;Eric Bana,8.2,"55,133"
The 400 Blows,99,Crime;Drama,Franois Truffaut,Franois Truffaut;Marcel Moussy,Jean-Pierre Laud;Albert Rmy;Claire Maurier,8.1,"39,801"
Life of Pi,127,Adventure;Drama,Ang Lee,David Magee;Yann Martel,Suraj Sharma;Irrfan Khan;Adil Hussain,8.2,"102,390"
Persona,83,Drama,Ingmar Bergman,Ingmar Bergman,Bibi Andersson;Liv Ullmann;Margaretha Krook,8.2,"30,901"
Gandhi,191,Biography;Drama;History,Richard Attenborough,John Briley,Ben Kingsley;John Gielgud;Candice Bergen,8.1,"93,341"
The Graduate,106,Comedy;Drama;Romance,Mike Nichols,Calder Willingham;Buck Henry,Dustin Hoffman;Anne Bancroft;Katharine Ross,8.1,"130,214"
Howl's Moving Castle,119,Animation;Action;Adventure,Hayao Miyazaki,Hayao Miyazaki;Diana Wynne Jones,Chieko Baish;Takuya Kimura;Tatsuya Gashin,8.1,"100,995"
The Killing,85,Crime;Film-Noir;Thriller,Stanley Kubrick,Stanley Kubrick;Jim Thompson,Sterling Hayden;Coleen Gray;Vince Edwards,8.1,"39,010"
The Princess Bride,98,Adventure;Comedy;Family,Rob Reiner,William Goldman;William Goldman,Cary Elwes;Mandy Patinkin;Robin Wright,8.1,"183,008"
8,138,Drama;Fantasy,Federico Fellini,Federico Fellini;Ennio Flaiano,Marcello Mastroianni;Anouk Aime;Claudia Cardinale,8.1,"47,858"
A Beautiful Mind,135,Biography;Drama,Ron Howard,Akiva Goldsman;Sylvia Nasar,Russell Crowe;Ed Harris;Jennifer Connelly,8.1,"286,388"
Slumdog Millionaire,120,Drama;Romance;Thriller,Danny Boyle;Loveleen Tandan,Simon Beaufoy;Vikas Swarup,Dev Patel;Freida Pinto;Saurabh Shukla,8.1,"363,173"
The Hustler,134,Drama;Sport,Robert Rossen,Sidney Carroll;Robert Rossen,Paul Newman;Jackie Gleason;Piper Laurie,8.1,"38,330"
Who's Afraid of Virginia Woolf?,131,Drama,Mike Nichols,Ernest Lehman,Elizabeth Taylor;Richard Burton;George Segal,8.1,"32,989"
The Artist,100,Comedy;Drama;Romance,Michel Hazanavicius,Michel Hazanavicius,Jean Dujardin;Brnice Bejo;John Goodman,8.1,"107,699"
La strada,108,Drama,Federico Fellini,Federico Fellini;Tullio Pinelli,Anthony Quinn;Giulietta Masina;Richard Basehart,8.1,"28,220"
The Manchurian Candidate,126,Drama;Mystery;Romance,John Frankenheimer,Richard Condon;George Axelrod,Frank Sinatra;Laurence Harvey;Janet Leigh,8.1,"48,246"
Rocky,119,Drama;Sport,John G. Avildsen,Sylvester Stallone,Sylvester Stallone;Talia Shire;Burt Young,8.1,"188,391"
Anatomy of a Murder,160,Crime;Drama;Mystery,Otto Preminger,Wendell Mayes;John D. Voelker,James Stewart;Lee Remick;Ben Gazzara,8.1,"27,416"
The Wild Bunch,145,Western,Sam Peckinpah,Walon Green;Sam Peckinpah,William Holden;Ernest Borgnine;Robert Ryan,8.1,"45,451"
The Exorcist,122,Horror;Thriller,William Friedkin,William Peter Blatty;William Peter Blatty,Ellen Burstyn;Max von Sydow;Linda Blair,8.0,"185,186"
Stalag 17,120,Comedy;Drama;Thriller,Billy Wilder,Billy Wilder;Edwin Blum,William Holden;Don Taylor;Otto Preminger,8.1,"29,568"
Sleuth,138,Mystery;Thriller,Joseph L. Mankiewicz,Anthony Shaffer;Anthony Shaffer,Laurence Olivier;Michael Caine;Alec Cawthorne,8.1,"26,361"
Rope,80,Crime;Drama;Mystery,Alfred Hitchcock,Hume Cronyn;Patrick Hamilton,James Stewart;John Dall;Farley Granger,8.1,"56,001"
The Man Who Shot Liberty Valance,123,Drama;Romance;Western,John Ford,James Warner Bellah;Willis Goldbeck,James Stewart;John Wayne;Vera Miles,8.1,"34,655"
Barry Lyndon,184,Adventure;Drama;Romance,Stanley Kubrick,Stanley Kubrick;William Makepeace Thackeray,Ryan O'Neal;Marisa Berenson;Patrick Magee,8.1,"61,028"
Infernal Affairs,101,Crime;Mystery;Thriller,Wai-keung Lau;Alan Mak,Alan Mak;Felix Chong,Andy Lau;Tony Leung Chiu Wai;Anthony Wong Chau-Sang,8.1,"55,917"
Memories of Murder,132,Crime;Drama;Mystery,Joon-ho Bong,Joon-ho Bong;Kwang-rim Kim,Kang-ho Song;Sang-kyung Kim;Roe-ha Kim,8.1,"26,084"
District 9,112,Action;Sci-Fi;Thriller,Neill Blomkamp,Neill Blomkamp;Terri Tatchell,Sharlto Copley;David James;Jason Cope,8.0,"324,563"
Stalker,163,Adventure;Drama;Fantasy,Andrey Tarkovskiy,Arkadiy Strugatskiy;Boris Strugatskiy,Alisa Freyndlikh;Aleksandr Kaydanovskiy;Anatoliy Solonitsyn,8.1,"37,566"
The Truman Show,103,Comedy;Drama;Sci-Fi,Peter Weir,Andrew Niccol,Jim Carrey;Ed Harris;Laura Linney,8.0,"333,088"
Pirates of the Caribbean: The Curse of the Black Pearl,143,Action;Adventure;Fantasy,Gore Verbinski,Ted Elliott;Terry Rossio,Johnny Depp;Geoffrey Rush;Orlando Bloom,8.1,"445,725"
Roman Holiday,118,Comedy;Drama;Romance,William Wyler,Ian McLellan Hunter;John Dighton,Gregory Peck;Audrey Hepburn;Eddie Albert,8.1,"54,196"
In the Name of the Father,133,Biography;Drama;Thriller,Jim Sheridan,Gerry Conlon;Terry George,Daniel Day-Lewis;Pete Postlethwaite;Alison Crosbie,8.1,"52,398"
The Perks of Being a Wallflower,102,Drama;Romance,Stephen Chbosky,Stephen Chbosky;Stephen Chbosky,Logan Lerman;Emma Watson;Ezra Miller,8.2,"63,660"
The Diving Bell and the Butterfly,112,Biography;Drama,Julian Schnabel,Ronald Harwood;Jean-Dominique Bauby,Mathieu Amalric;Emmanuelle Seigner;Marie-Jose Croze,8.1,"59,704"
Yip Man,106,Action;Biography;Drama,Wilson Yip,Edmond Wong;Chan Tai-Li,Donnie Yen;Simon Yam;Siu-Wong Fan,8.1,"67,665"
"Monsters, Inc.",92,Animation;Adventure;Comedy,Pete Docter;David Silverman,Pete Docter;Jill Culton,Billy Crystal;John Goodman;Mary Gibbs,8.0,"268,720"
Ratatouille,111,Animation;Comedy;Family,Brad Bird;Jan Pinkava,Brad Bird;Jan Pinkava,Brad Garrett;Lou Romano;Patton Oswalt,8.0,"266,489"
Per un pugno di dollari,99,Western,Sergio Leone,A. Bonzzoni;Vctor Andrs Catena,Clint Eastwood;Gian Maria Volont;Marianne Koch,8.0,"69,023"
Harry Potter and the Deathly Hallows: Part 2,130,Adventure;Drama;Fantasy,David Yates,Steve Kloves;J.K. Rowling,Daniel Radcliffe;Emma Watson;Rupert Grint,8.1,"248,185"
A Streetcar Named Desire,122,Drama,Elia Kazan,Tennessee Williams;Oscar Saul,Vivien Leigh;Marlon Brando;Kim Hunter,8.0,"53,288"
Star Trek,127,Action;Adventure;Sci-Fi,J.J. Abrams,Roberto Orci;Alex Kurtzman,Chris Pine;Zachary Quinto;Simon Pegg,8.0,"283,787"
Beauty and the Beast,84,Animation;Family;Fantasy,Gary Trousdale;Kirk Wise,Linda Woolverton;Roger Allers,Paige O'Hara;Robby Benson;Richard White,8.0,"158,462"
Rosemary's Baby,136,Drama;Horror,Roman Polanski,Ira Levin;Roman Polanski,Mia Farrow;John Cassavetes;Ruth Gordon,8.0,"89,559"
La Haine,98,Drama,Mathieu Kassovitz,Mathieu Kassovitz,Vincent Cassel;Hubert Kound;Sad Taghmaoui,8.1,"53,192"
Harvey,104,Comedy;Drama,Henry Koster,Mary Chase;Mary Chase,James Stewart;Josephine Hull;Peggy Dow,8.1,"32,973"
Taare Zameen Par,165,Drama,Aamir Khan,Amole Gupte;Amole Gupte,Darsheel Safary;Aamir Khan;Tanay Chheda,8.4,"26,390"
All Quiet on the Western Front,136,Drama;War,Lewis Milestone,Erich Maria Remarque;Maxwell Anderson,Lew Ayres;Louis Wolheim;John Wray,8.1,"33,636"
Nausica of the Valley of the Wind,117,Animation;Action;Adventure,Hayao Miyazaki,Hayao Miyazaki;Hayao Miyazaki,Sumi Shimamoto;Mahito Tsujimura;Hisako Kyda,8.1,"44,389"
Incendies,139,Drama;Mystery;War,Denis Villeneuve,Valrie Beaugrand-Champagne;Wajdi Mouawad,Lubna Azabal;Mlissa Dsormeaux-Poulin;Maxim Gaudette,8.1,"27,334"
Rain Man,133,Drama,Barry Levinson,Barry Morrow;Ronald Bass,Dustin Hoffman;Tom Cruise;Valeria Golino,8.0,"226,311"
Shutter Island,138,Mystery;Thriller,Martin Scorsese,Laeta Kalogridis;Dennis Lehane,Leonardo DiCaprio;Emily Mortimer;Mark Ruffalo,8.0,"357,673"
The Wrestler,109,Drama;Romance;Sport,Darren Aronofsky,Robert D. Siegel,Mickey Rourke;Marisa Tomei;Evan Rachel Wood,8.0,"183,089"
Mystic River,138,Crime;Drama;Mystery,Clint Eastwood,Brian Helgeland;Dennis Lehane,Sean Penn;Tim Robbins;Kevin Bacon,8.0,"219,837"
3 Idiots,170,Comedy;Drama;Romance,Rajkumar Hirani,Rajkumar Hirani;Abhijit Joshi,Aamir Khan;Madhavan;Mona Singh,8.3,"59,322"
Nosferatu,81,Horror,F.W. Murnau,Henrik Galeen,Max Schreck;Greta Schrder;Ruth Landshoff,8.0,"46,669"
Manhattan,96,Comedy;Drama;Romance,Woody Allen,Woody Allen;Marshall Brickman,Woody Allen;Diane Keaton;Mariel Hemingway,8.0,"66,830"
"Spring, Summer, Fall, Winter... and Spring",103,Drama,Ki-duk Kim,Ki-duk Kim,Ki-duk Kim;Yeong-su Oh;Jong-ho Kim,8.1,"35,845"
Jurassic Park,127,Adventure;Family;Sci-Fi,Steven Spielberg,Michael Crichton;Michael Crichton,Sam Neill;Laura Dern;Jeff Goldblum,8.0,"281,364"
Papillon,151,Biography;Crime;Drama,Franklin J. Schaffner,Dalton Trumbo;Lorenzo Semple Jr.,Steve McQueen;Dustin Hoffman;Victor Jory,8.0,"51,493"
Big Fish,125,Adventure;Drama;Fantasy,Tim Burton,Daniel Wallace;John August,Ewan McGregor;Albert Finney;Billy Crudup,8.0,"246,996"
Arsenic and Old Lace,118,Comedy;Crime;Romance,Frank Capra,Julius J. Epstein;Philip G. Epstein,Cary Grant;Priscilla Lane;Raymond Massey,8.0,"40,669"
The Untouchables,119,Crime;Drama;History,Brian De Palma,Oscar Fraley;Eliot Ness,Kevin Costner;Sean Connery;Robert De Niro,8.0,"142,278"
Castle in the Sky,124,Animation;Action;Adventure,Hayao Miyazaki,Hayao Miyazaki,Barbara Goodson;James Van Der Beek;Lara Cody,8.0,"46,021"
The Help,146,Drama,Tate Taylor,Tate Taylor;Kathryn Stockett,Emma Stone;Viola Davis;Octavia Spencer,8.0,"139,978"
La Dolce Vita,174,Comedy;Drama,Federico Fellini,Federico Fellini;Ennio Flaiano,Marcello Mastroianni;Anita Ekberg;Anouk Aime,8.1,"28,906"
